OG	n_genes	n_species	Dom. pepper	Potato	S. Pennelli	S. pimp	Tomato	Tomato Cherry	Wild pepper
OG201	2	2				SPI02g02207.1	Solyc02g064810.1.1		
OG501	2	2				SPI08g05874.1	Solyc08g077620.1.1		
OG9865	3	3			Sopen08g020990.1	SPI08g05012.1	Solyc08g067040.4.1		
OG9902	3	3				SPI09g01907.1	Solyc09g018520.1.1	SLYcer09g01700.1	
OG10621	3	3				SPI10g03826.1	Solyc10g079660.3.1	SLYcer10g05337.1	
OG10629	3	3				SPI05g04419.1	Solyc05g051540.3.1	SLYcer10g02544.1	
OG11139	3	3		PGSC0003DMP400037584		SPI08g05168.1	Solyc08g068480.1.1		
OG11942	3	3	Capana00g002207				Solyc01g060050.3.1		Capang01g001819
OG14472	5	5		PGSC0003DMP400027452	Sopen11g005800.1	SPI11g00767.1	Solyc11g011030.2.1	SLYcer11g00627.1	
OG14516	5	5		PGSC0003DMP400036743	Sopen02g018930.1	SPI02g02680.1	Solyc02g069770.3.1	SLYcer02g03783.1	
OG14951	5	5	Capana00g002809	PGSC0003DMP400014551	Sopen02g019960.1		Solyc02g070880.1.1		Capang05g000415
OG14996	5	5	Capana08g001840	PGSC0003DMP400043215	Sopen01g045960.1		Solyc01g103595.1.1		Capang01g004406
OG15006	5	5	Capana02g002046	PGSC0003DMP400038846	Sopen02g023920.1		Solyc02g079110.3.1		Capang02g001839
OG15735	6	6	Capana01g003165		Sopen01g029220.1	SPI01g05990.1	Solyc01g067340.3.1	SLYcer01g05809.1	Capang08g000097
OG15762	6	6	Capana04g000891		Sopen04g029970.1	SPI04g04701.1	Solyc04g076020.3.1	SLYcer04g05213.1	Capang04g000853
OG15986	6	6	Capana03g002814		Sopen03g013810.1	SPI03g02435.1	Solyc03g059310.3.1	SLYcer03g02312.1	Capang00g002236
OG16040	6	6	Capana03g004551		Sopen09g032280.1	SPI09g04517.1	Solyc09g083360.3.1	SLYcer09g04857.1	Capang03g004356
OG16601	7	6	Capana02g001737	PGSC0003DMP400049453	Sopen02g021210.1,Sopen02g021210.2	SPI02g02920.1	Solyc02g072230.3.1	SLYcer02g04025.1	
OG16695	7	5		PGSC0003DMP400010651,PGSC0003DMP400010653,PGSC0003DMP400010652	Sopen04g002500.1	SPI04g00330.1	Solyc04g007430.2.1	SLYcer04g00349.1	
OG16945	7	5		PGSC0003DMP400026597,PGSC0003DMP400026596,PGSC0003DMP400026595	Sopen03g030860.1	SPI03g04403.1	Solyc03g111740.3.1	SLYcer03g04348.1	
OG17282	7	7	Capana10g002460	PGSC0003DMP400014704	Sopen10g029040.1	SPI10g03684.1	Solyc10g078380.2.1	SLYcer10g05200.1	Capang10g002224
OG17359	7	7	Capana06g001041	PGSC0003DMP400050165	Sopen06g026220.1	SPI06g04387.1	Solyc06g068930.2.1	SLYcer06g04530.1	Capang06g001001
OG17374	7	7	Capana09g002053	PGSC0003DMP400041348	Sopen09g001830.1	SPI09g00183.1	Solyc09g005970.1.1	SLYcer09g00279.1	Capang09g001588
OG17378	7	7	Capana03g000735	PGSC0003DMP400009954	Sopen03g037980.1	SPI03g05164.1	Solyc03g119090.3.1	SLYcer03g05104.1	Capang00g000413
OG17534	7	7	Capana00g004742	PGSC0003DMP400055864	Sopen06g026900.1	SPI06g04468.1	Solyc06g069600.3.1	SLYcer06g04609.1	Capang06g000978
OG17616	7	7	Capana03g000103	PGSC0003DMP400039701	Sopen03g041110.1	SPI03g05491.1	Solyc03g122340.3.1	SLYcer03g05459.1	Capang03g000098
OG17943	7	7	Capana12g001017	PGSC0003DMP400001405	Sopen01g051750.1	SPI01g08569.1	Solyc01g109560.3.1	SLYcer01g08347.1	Capang01g005057
OG17959	7	7	Capana11g001368	PGSC0003DMP400007385	Sopen05g001820.1	SPI05g00184.1	Solyc05g005810.4.1	SLYcer05g00168.1	Capang11g001342
OG18024	7	7	Capana08g001099	PGSC0003DMP400031944	Sopen00g013520.1	SPI01g07360.1	Solyc01g096370.4.1	SLYcer01g07913.1	Capang01g003684
OG18025	7	7	Capana09g001578	PGSC0003DMP400035343	Sopen09g007020.1	SPI09g01047.1	Solyc09g013160.3.1	SLYcer09g01159.1	Capang09g001165
OG18216	7	7	Capana01g001076	PGSC0003DMP400030631	Sopen08g025340.1	SPI08g05784.1	Solyc08g076820.3.1	SLYcer08g05897.1	Capang01g000927
OG18261	7	7	Capana09g001426	PGSC0003DMP400022834	Sopen09g026820.1	SPI09g03574.1	Solyc09g065100.3.1	SLYcer09g03678.1	Capang09g001007
OG18401	7	7	Capana01g001392	PGSC0003DMP400022636	Sopen01g037050.1	SPI01g07063.1	Solyc01g091310.3.1	SLYcer01g06798.1	Capang01g001214
OG18468	7	7	Capana08g002242	PGSC0003DMP400058818	Sopen01g049400.1	SPI01g08331.1	Solyc01g107140.3.1	SLYcer01g08099.1	Capang01g004797
OG18568	7	7	Capana02g001947	PGSC0003DMP400051788	Sopen02g022960.1	SPI02g03104.1	Solyc02g078130.3.1	SLYcer02g04205.1	Capang02g001728
OG18580	7	7	Capana11g002254	PGSC0003DMP400022973	Sopen05g005450.1	SPI05g00656.1	Solyc05g009640.4.1	SLYcer05g00623.1	Capang11g002155
OG18790	7	7	Capana00g002444	PGSC0003DMP400022472	Sopen02g030420.1	SPI02g03897.1	Solyc02g085730.3.1	SLYcer02g04974.1	Capang02g002483
OG18799	7	7	Capana12g001985	PGSC0003DMP400007076	Sopen11g001520.1	SPI11g00301.1	Solyc11g005550.2.1	SLYcer11g00138.1	Capang12g001671
OG18976	7	7	Capana06g002152	PGSC0003DMP400033079	Sopen06g017530.1	SPI06g03433.1	Solyc06g051550.4.1	SLYcer06g03519.1	Capang06g001974
OG18982	7	7	Capana02g002096	PGSC0003DMP400037647	Sopen02g024580.1	SPI02g03271.1	Solyc02g079810.3.1	SLYcer02g04371.1	Capang02g001895
OG18993	7	7	Capana05g002412	PGSC0003DMP400040689	Sopen05g033350.1	SPI05g04826.1	Solyc05g054890.4.1	SLYcer10g02158.1	Capang05g001962
OG19052	7	7	Capana07g002435	PGSC0003DMP400038295	Sopen07g034240.1	SPI07g06361.1	Solyc07g066060.3.1	SLYcer07g05643.1	Capang07g002431
OG19060	7	7	Capana02g002873	PGSC0003DMP400053393	Sopen02g036060.1	SPI02g04462.1	Solyc02g091440.2.1	SLYcer02g05542.1	Capang02g002596
OG19086	7	7	Capana04g001619	PGSC0003DMP400016287	Sopen11g009060.1	SPI11g01149.1	Solyc11g017070.2.1	SLYcer11g01021.1	Capang04g001531
OG19109	7	7	Capana12g002036	PGSC0003DMP400049927	Sopen11g001740.1	SPI11g00327.1	Solyc11g005780.3.1	SLYcer11g00167.1	Capang05g001661
OG19180	7	7	Capana12g001551	PGSC0003DMP400028983	Sopen04g023150.1	SPI04g03483.1	Solyc04g051800.3.1	SLYcer04g03767.1	Capang12g001290
OG19181	7	7	Capana12g002916	PGSC0003DMP400040315	Sopen05g034860.1	SPI05g04985.1	Solyc05g056470.1.1	SLYcer10g01992.1	Capang12g002560
OG19333	7	7	Capana12g002686	PGSC0003DMP400028197	Sopen11g005120.1	SPI11g00699.1	Solyc11g010340.2.1	SLYcer11g00558.1	Capang12g002326
OG19813	8	7	Capana01g000066	PGSC0003DMP400021673	Sopen08g031160.1,Sopen08g031160.2	SPI08g06418.1	Solyc08g082940.2.1	SLYcer08g06513.1	Capang01g000059
OG19855	8	7	Capana03g000749	PGSC0003DMP400024951	Sopen03g037480.2,Sopen03g037480.1	SPI03g05108.1	Solyc03g118540.4.1	SLYcer03g05048.1	Capang03g000677
OG19874	8	7	Capana09g001461	PGSC0003DMP400033642	Sopen09g027040.1	SPI09g03623.1,SPI09g03631.1	Solyc09g065290.4.1	SLYcer09g03710.1	Capang09g001032
OG20062	8	7	Capana09g000144	PGSC0003DMP400005280,PGSC0003DMP400005281	Sopen12g004170.1	SPI12g00508.1	Solyc12g009220.2.1	SLYcer12g00480.1	Capang09g000139
OG20120	8	7	Capana04g000562	PGSC0003DMP400014006,PGSC0003DMP400014005	Sopen04g032380.1	SPI04g04983.1	Solyc04g078780.3.1	SLYcer04g05488.1	Capang04g000510
OG20212	8	6	Capana00g004209,Capana00g004144	PGSC0003DMP400033401,PGSC0003DMP400033402	Sopen07g032230.1	SPI07g06158.1	Solyc07g064090.3.1	SLYcer07g05446.1	
OG20250	8	7	Capana09g000067	PGSC0003DMP400013915,PGSC0003DMP400013916	Sopen12g005110.1	SPI12g00629.1	Solyc12g010220.3.1	SLYcer12g00602.1	Capang09g000062
OG20494	8	7	Capana00g004291	PGSC0003DMP400055581	Sopen04g004480.1	SPI04g00537.1	Solyc04g009360.3.1	SLYcer04g00561.1	Capang00g003326,Capang00g004451
OG20579	8	7	Capana08g001686	PGSC0003DMP400031850,PGSC0003DMP400031849	Sopen01g044750.1	SPI01g07850.1	Solyc01g102300.3.1	SLYcer01g07422.1	Capang01g004267
OG20623	8	7	Capana02g001932	PGSC0003DMP400051738,PGSC0003DMP400051739	Sopen02g022850.1	SPI02g03096.1	Solyc02g078010.4.1	SLYcer02g04198.1	Capang02g001709
OG20634	8	7	Capana00g001507	PGSC0003DMP400013973,PGSC0003DMP400013974	Sopen04g032120.1	SPI04g04958.1	Solyc04g078520.3.1	SLYcer04g05461.1	Capang04g000541
OG20671	8	7	Capana02g002020	PGSC0003DMP400053128,PGSC0003DMP400038758	Sopen02g023780.1	SPI02g03194.1	Solyc02g078970.4.1	SLYcer02g04292.1	Capang02g001802
OG20765	8	7	Capana01g000256	PGSC0003DMP400021841,PGSC0003DMP400021842	Sopen08g029440.1	SPI08g06236.1	Solyc08g081140.4.1	SLYcer08g06327.1	Capang01g000239
OG20796	8	7	Capana07g001126	PGSC0003DMP400027897,PGSC0003DMP400027896	Sopen07g023150.1	SPI07g04600.1	Solyc07g043580.4.1	SLYcer07g03886.1	Capang07g001171
OG20843	8	7	Capana03g000857	PGSC0003DMP400042485,PGSC0003DMP400042484	Sopen03g034530.1	SPI03g04801.1	Solyc03g115540.2.1	SLYcer03g04744.1	Capang03g000788
OG20904	8	7	Capana08g002582	PGSC0003DMP400053928,PGSC0003DMP400053926	Sopen01g052220.1	SPI01g08623.1	Solyc01g110030.3.1	SLYcer01g08397.1	Capang01g005114
OG20959	8	7	Capana02g002908	PGSC0003DMP400053327,PGSC0003DMP400053328	Sopen02g036370.1	SPI02g04491.1	Solyc02g091790.3.1	SLYcer02g05571.1	Capang02g002631
OG20981	8	7	Capana02g003545	PGSC0003DMP400022373,PGSC0003DMP400022374	Sopen02g031190.1	SPI02g03993.1	Solyc02g086470.3.1	SLYcer02g05055.1	Capang02g003267
OG20988	8	7	Capana03g004496	PGSC0003DMP400040825,PGSC0003DMP400029998	Sopen09g032810.1	SPI09g04572.1	Solyc09g089870.3.1	SLYcer09g04913.1	Capang03g004326
OG21025	8	7	Capana12g000990	PGSC0003DMP400007762,PGSC0003DMP400007763	Sopen12g023880.1	SPI12g04261.1	Solyc12g049400.2.1	SLYcer12g04322.1	Capang12g000855
OG21029	8	7	Capana10g002417	PGSC0003DMP400045702	Sopen03g013260.1	SPI03g02390.1	Solyc03g059100.3.1	SLYcer03g02262.1	Capang03g002987,Capang10g002171
OG21043	8	7	Capana12g001272,Capana00g000573	PGSC0003DMP400004578	Sopen03g039140.1	SPI03g05294.1	Solyc03g120260.4.1	SLYcer03g05244.1	Capang00g002836
OG21069	8	7	Capana11g000098	PGSC0003DMP400014189,PGSC0003DMP400014188	Sopen11g027990.1	SPI11g03980.1	Solyc11g069260.2.1	SLYcer11g03918.1	Capang11g000092
OG21074	8	7	Capana11g000952	PGSC0003DMP400038141,PGSC0003DMP400038140	Sopen11g023410.1	SPI11g03403.1	Solyc11g056650.2.1	SLYcer11g03337.1	Capang07g000312
OG21076	8	7	Capana12g000049	PGSC0003DMP400041251,PGSC0003DMP400041252	Sopen12g034770.1	SPI12g05166.1	Solyc12g100140.3.1	SLYcer12g05216.1	Capang12g000051
OG21099	8	7	Capana12g000776	PGSC0003DMP400020492,PGSC0003DMP400020494	Sopen12g030330.1	SPI12g04615.1	Solyc12g088340.2.1	SLYcer12g04658.1	Capang12g000657
OG21188	8	6	Capana04g000590	PGSC0003DMP400013991,PGSC0003DMP400013990,PGSC0003DMP400013989	Sopen04g032290.1		Solyc04g078690.3.1	SLYcer04g05478.1	Capang04g000533
OG21326	9	6	Capana08g001345		Sopen08g008890.1,Sopen01g041660.1	SPI01g07521.1,SPI08g03615.1	Solyc08g023590.4.1,Solyc01g098090.3.1	SLYcer08g03647.1	Capang00g004012
OG21425	9	7	Capana01g004481	PGSC0003DMP400010370,PGSC0003DMP400010369	Sopen08g004340.1,Sopen08g004340.2	SPI08g00545.1	Solyc08g008490.4.1	SLYcer08g00571.1	Capang08g001330
OG21442	9	7	Capana01g003720	PGSC0003DMP400055225,PGSC0003DMP400055226	Sopen01g001450.2,Sopen01g001450.1	SPI01g00217.1	Solyc01g005440.4.1	SLYcer01g00195.1	Capang08g000636
OG21445	9	7	Capana06g000632	PGSC0003DMP400010440,PGSC0003DMP400010439	Sopen06g030530.1,Sopen06g030540.1	SPI06g04829.1	Solyc06g074110.3.1	SLYcer06g04964.1	Capang06g000581
OG21481	9	7	Capana09g001696	PGSC0003DMP400015489,PGSC0003DMP400015490	Sopen09g005920.1,Sopen09g005920.2	SPI09g00899.1	Solyc09g011170.3.1	SLYcer09g00989.1	Capang09g001267
OG21522	9	7	Capana02g003079	PGSC0003DMP400007152,PGSC0003DMP400007151	Sopen02g037840.1,Sopen02g037840.2	SPI02g04642.1	Solyc02g093280.2.1	SLYcer02g05723.1	Capang02g002787
OG21675	9	7	Capana07g000822,Capana00g004700	PGSC0003DMP400050053	Sopen07g004790.1	SPI07g00651.1	Solyc07g008860.3.1	SLYcer07g00607.1	Capang03g000841,Capang07g000753
OG21896	9	7	Capana02g000264,Capana01g002357	PGSC0003DMP400020924	Sopen02g009400.1	SPI02g01311.1	Solyc02g030080.4.1	SLYcer02g02412.1	Capang01g002033,Capang00g001488
OG21903	9	7	Capana03g000117	PGSC0003DMP400039687,PGSC0003DMP400039688,PGSC0003DMP400039689	Sopen03g040960.1	SPI03g05476.1	Solyc03g122190.3.1	SLYcer03g05441.1	Capang03g000113
OG21926	9	7	Capana06g001399	PGSC0003DMP400045270,PGSC0003DMP400045269,PGSC0003DMP400045268	Sopen06g024010.1	SPI06g04126.1	Solyc06g065650.3.1	SLYcer06g04264.1	Capang06g001333
OG21948	9	7	Capana12g002038	PGSC0003DMP400049957,PGSC0003DMP400049956,PGSC0003DMP400049955	Sopen11g001760.1	SPI11g00329.1	Solyc11g005800.2.1	SLYcer11g00169.1	Capang05g001664
OG22257	10	7	Capana03g000354	PGSC0003DMP400009870	Sopen03g038890.1	SPI03g05270.1,SPI06g03486.1	Solyc03g120010.4.1,Solyc06g052000.1.1	SLYcer06g03572.1,SLYcer03g05210.1	Capang03g000328
OG22347	10	7	Capana08g002682	PGSC0003DMP400002886,PGSC0003DMP400002887	Sopen01g053190.2,Sopen01g053190.1,Sopen01g053190.3	SPI01g08719.1	Solyc01g111130.4.1	SLYcer01g08491.1	Capang01g005267
OG22384	10	7	Capana06g003008	PGSC0003DMP400044224,PGSC0003DMP400044225,PGSC0003DMP400044223	Sopen06g003160.1,Sopen06g003160.2	SPI06g00302.1	Solyc06g008310.3.1	SLYcer06g00517.1	Capang06g002768
OG22463	10	7	Capana12g002745	PGSC0003DMP400028151,PGSC0003DMP400028153,PGSC0003DMP400028152	Sopen11g005650.2,Sopen11g005650.1	SPI11g00754.1	Solyc11g010910.3.1	SLYcer11g00614.1	Capang12g002381
OG22523	10	7	Capana01g000069	PGSC0003DMP400021427,PGSC0003DMP400021428,PGSC0003DMP400021426,PGSC0003DMP400021425	Sopen08g031130.1	SPI08g06415.1	Solyc08g082900.4.1	SLYcer08g06510.1	Capang01g000062
OG22564	10	7	Capana06g000118	PGSC0003DMP400034788,PGSC0003DMP400034790,PGSC0003DMP400034791,PGSC0003DMP400034789	Sopen06g035370.1	SPI06g05351.1	Solyc06g083980.3.1	SLYcer06g05459.1	Capang06g000101
OG22600	10	7	Capana11g000365	PGSC0003DMP400034092,PGSC0003DMP400034093,PGSC0003DMP400034090,PGSC0003DMP400034091	Sopen11g027670.1	SPI11g03922.1	Solyc11g068960.2.1	SLYcer11g03860.1	Capang11g000351
OG22888	11	6	Capana00g002208,Capana01g002294		Sopen01g031280.1,Sopen01g026220.1	SPI01g06374.1,SPI01g05507.1	Solyc01g079510.3.1,Solyc01g060040.3.1	SLYcer01g05348.1	Capang01g001989,Capang01g001820
OG23015	11	7	Capana03g003386	PGSC0003DMP400017155,PGSC0003DMP400017154,PGSC0003DMP400017156,PGSC0003DMP400017153	Sopen09g027980.1,Sopen00g006230.1	SPI09g03758.1	Solyc09g066280.4.1	SLYcer09g03838.1	Capang03g003200
OG23037	11	7	Capana07g000998,Capana09g000184	PGSC0003DMP400000653,PGSC0003DMP400038123	Sopen07g018910.1	SPI07g04022.1	Solyc07g039570.3.1	SLYcer12g00436.1,SLYcer07g03311.1	Capang07g001074,Capang09g000179
OG23167	12	3				SPI06g00526.1,SPI07g03789.1,SPI07g03818.1,SPI07g00719.1,SPI07g03790.1,SPI07g04506.1	Solyc07g022850.1.1	SLYcer07g03793.1,SLYcer07g01807.1,SLYcer06g00686.1,SLYcer07g03075.1,SLYcer07g03076.1	
OG23201	12	7	Capana05g000419	PGSC0003DMP400020324,PGSC0003DMP400020301	Sopen04g005380.1,Sopen04g005390.1	SPI04g00634.1,SPI04g00635.1	Solyc04g010200.1.1,Solyc04g010210.1.1	SLYcer04g00660.1,SLYcer04g00659.1	Capang05g000338
OG23233	12	7	Capana01g003548	PGSC0003DMP400045049,PGSC0003DMP400045048	Sopen01g036520.1,Sopen10g008180.1	SPI10g00969.1,SPI01g06999.1	Solyc10g018510.2.1,Solyc01g090790.4.1	SLYcer01g06745.1,SLYcer10g01092.1	Capang08g000491
OG23239	12	7	Capana01g000961	PGSC0003DMP400034528,PGSC0003DMP400034529	Sopen08g023990.1,Sopen07g004230.1	SPI08g05636.1,SPI07g00576.1	Solyc07g008340.4.1,Solyc08g075360.3.1	SLYcer08g05751.1,SLYcer07g00526.1	Capang00g004220
OG23329	12	6	Capana04g001839,Capana02g002593		Sopen12g015070.1,Sopen02g028720.1	SPI12g02732.1,SPI02g03700.1	Solyc12g035360.2.1,Solyc02g083940.3.1	SLYcer02g04788.1,SLYcer12g02966.1	Capang00g003908,Capang02g002329
OG23368	12	7	Capana08g001255,Capana03g004208	PGSC0003DMP400056551,PGSC0003DMP400033759	Sopen01g041100.1,Sopen09g036340.1	SPI01g07461.1,SPI09g04978.1	Solyc09g098410.3.1,Solyc01g097430.4.1	SLYcer09g05287.1	Capang01g003838
OG23636	13	7	Capana10g000879	PGSC0003DMP400005823,PGSC0003DMP400061403	Sopen10g020610.1,Sopen10g020770.1	SPI10g02392.1,SPI10g02408.1	Solyc10g049780.1.1,Solyc10g049720.2.1	SLYcer10g04045.1,SLYcer10g04022.1	Capang03g001269,Capang10g000691
OG23639	13	7	Capana09g000173	PGSC0003DMP400028102,PGSC0003DMP400000642	Sopen12g003960.1,Sopen07g020370.1	SPI12g00475.1,SPI07g04235.1	Solyc12g009030.2.1,Solyc07g041080.3.1	SLYcer07g03513.1,SLYcer12g00446.1	Capang09g000167,Capang07g000565
OG23805	13	7	Capana01g003305,Capana00g000514	PGSC0003DMP400058538,PGSC0003DMP400003204	Sopen01g032710.1	SPI01g06562.1,SPI01g06563.1	Solyc01g081090.2.1,Solyc01g081100.3.1	SLYcer01g06282.1,SLYcer01g06281.1	Capang08g000243,Capang08g000242
OG23864	13	7	Capana12g000774,Capana04g000660	PGSC0003DMP400037320,PGSC0003DMP400020498	Sopen04g031550.1	SPI04g04905.1,SPI12g04619.1	Solyc04g077960.1.1,Solyc12g088380.1.1	SLYcer04g05407.1,SLYcer12g04662.1	Capang12g000654,Capang04g000631
OG23959	13	7	Capana01g002508,Capana01g002509	PGSC0003DMP400020070,PGSC0003DMP400020071,PGSC0003DMP400020069,PGSC0003DMP400020073,PGSC0003DMP400020072	Sopen01g028350.1	SPI01g05898.1	Solyc01g066740.3.1	SLYcer01g05728.1	Capang01g002162,Capang01g002161
OG23977	13	7	Capana03g002957,Capana08g002542,Capana00g001745,Capana11g001608	PGSC0003DMP400001389,PGSC0003DMP400001388,PGSC0003DMP400001390	Sopen01g051890.1	SPI01g08584.1	Solyc01g109700.3.1	SLYcer01g08362.1	Capang01g005077,Capang09g001563
OG24049	14	7	Capana09g002370,Capana07g002495	PGSC0003DMP400029423	Sopen09g029240.1,Sopen09g004150.1	SPI09g04066.1,SPI09g04077.1,SPI09g00477.1	Solyc09g009410.3.1,Solyc09g074400.3.1	SLYcer09g00589.1,SLYcer09g04271.1	Capang07g002490,Capang09g001889
OG24102	14	7	Capana09g000075,Capana07g000221	PGSC0003DMP400019655,PGSC0003DMP400013796	Sopen12g005040.1,Sopen07g001380.1	SPI12g00623.1,SPI07g00189.1	Solyc12g010170.2.1,Solyc07g005400.3.1	SLYcer12g00593.1,SLYcer07g00120.1	Capang07g000222,Capang09g000067
OG24137	14	7	Capana10g001888,Capana01g000634	PGSC0003DMP400039854,PGSC0003DMP400033687	Sopen10g005950.1,Sopen07g004550.1	SPI10g00682.1,SPI07g00624.1	Solyc07g008610.3.1,Solyc10g012190.3.1	SLYcer10g00807.1,SLYcer07g00576.1	Capang01g000575,Capang10g001667
OG24159	14	7	Capana01g003086,Capana06g003044	PGSC0003DMP400011145,PGSC0003DMP400011146	Sopen06g003630.1,Sopen01g030810.1	SPI01g06499.1,SPI06g00367.1	Solyc01g080690.3.1,Solyc06g008880.3.1	SLYcer06g00583.1,SLYcer01g06199.1	Capang06g002793,Capang01g002770
OG24330	14	7	Capana10g000064,Capana07g002209	PGSC0003DMP400022035,PGSC0003DMP400043398,PGSC0003DMP400022038	Sopen10g002800.1,Sopen07g031500.1	SPI10g00289.1,SPI07g06088.1	Solyc07g063330.4.1,Solyc10g006890.4.1	SLYcer07g05369.1	Capang07g002230,Capang10g000062
OG24354	14	7	Capana05g002156,Capana00g002485	PGSC0003DMP400005014,PGSC0003DMP400018221,PGSC0003DMP400018220	Sopen09g028200.1,Sopen01g044350.1	SPI01g07802.1,SPI09g03787.1	Solyc01g100850.3.1,Solyc09g066470.4.1	SLYcer01g07467.1	Capang01g004225,Capang03g003251
OG24445	14	7	Capana07g002167	PGSC0003DMP400021939,PGSC0003DMP400021943,PGSC0003DMP400021937,PGSC0003DMP400021940,PGSC0003DMP400021942,PGSC0003DMP400021938,PGSC0003DMP400021941	Sopen07g031140.1,Sopen07g031140.2	SPI07g06050.1	Solyc07g062950.4.1	SLYcer07g05332.1	Capang07g002187
OG24530	15	7	Capana01g001098,Capana01g004352	PGSC0003DMP400030626,PGSC0003DMP400002142	Sopen08g001070.1,Sopen08g025500.1	SPI08g05799.1,SPI08g00060.1,SPI08g00068.1	Solyc08g005050.4.1,Solyc08g076930.1.1	SLYcer08g05909.1,SLYcer08g00148.1	Capang01g000946,Capang08g001213
OG24564	15	7	Capana01g000361,Capana12g001152	PGSC0003DMP400039414,PGSC0003DMP400019071	Sopen12g029080.1,Sopen08g028430.2,Sopen08g028430.1	SPI12g04451.1,SPI08g06130.1	Solyc12g056490.1.1,Solyc08g080080.4.1	SLYcer12g04496.1,SLYcer08g06228.1	Capang12g000955,Capang01g000332
OG24569	15	7	Capana02g000436	PGSC0003DMP400039141,PGSC0003DMP400039140,PGSC0003DMP400027129,PGSC0003DMP400039142,PGSC0003DMP400027130	Sopen03g006760.1,Sopen02g013710.1	SPI03g01080.1,SPI02g02053.1	Solyc02g062690.3.1,Solyc03g034000.3.1	SLYcer03g00918.1,SLYcer02g03171.1	Capang02g000392
OG24595	15	7	Capana06g001059,Capana03g000641	PGSC0003DMP400050145,PGSC0003DMP400050146,PGSC0003DMP400050144,PGSC0003DMP400025090	Sopen06g026160.1,Sopen03g037210.1	SPI06g04381.1,SPI03g05082.1	Solyc06g068870.3.1,Solyc03g118310.4.1	SLYcer03g05023.1,SLYcer06g04523.1	Capang03g000579
OG24637	15	7	Capana10g001429,Capana09g002007	PGSC0003DMP400033371,PGSC0003DMP400033370,PGSC0003DMP400015522	Sopen09g005430.1,Sopen10g035810.1	SPI10g04480.1,SPI10g04498.1	Solyc09g010720.3.1,Solyc10g086430.3.1	SLYcer10g05946.1,SLYcer09g00931.1	Capang09g001546,Capang10g001203
OG24734	15	7	Capana00g003180,Capana03g000219	PGSC0003DMP400008672,PGSC0003DMP400004457,PGSC0003DMP400004456,PGSC0003DMP400004458	Sopen03g040050.1,Sopen06g021950.1	SPI03g05385.1,SPI06g03900.1	Solyc03g121240.1.1,Solyc06g062460.3.1	SLYcer06g04030.1	Capang03g000211,Capang00g000870
OG24770	15	7	Capana10g002279,Capana10g002295,Capana10g002296	PGSC0003DMP400052018,PGSC0003DMP400052017	Sopen10g030310.1,Sopen10g030290.1	SPI10g03828.1	Solyc10g079680.3.1,Solyc10g079650.2.1	SLYcer10g05339.1,SLYcer10g05336.1	Capang10g002050,Capang10g002051,Capang10g002039
OG24794	15	7	Capana04g000815,Capana12g000842	PGSC0003DMP400011342,PGSC0003DMP400011341,PGSC0003DMP400003676,PGSC0003DMP400011343	Sopen04g030550.1	SPI04g04783.1	Solyc04g076845.1.1,Solyc00g050430_2_1,Solyc12g088130.3.1	SLYcer12g04635.1,SLYcer04g05292.1	Capang12g000714,Capang05g001202
OG24867	16	7	Capana04g000934	PGSC0003DMP400003806,PGSC0003DMP400031052,PGSC0003DMP400049785,PGSC0003DMP400003807	Sopen00g009860.1,Sopen04g029770.1	SPI04g04564.1,SPI01g07587.1	Solyc01g098720.3.1,Solyc12g087850.3.1,Solyc04g074810.4.1	SLYcer04g05089.1,SLYcer01g07680.1	Capang00g004349,Capang04g000895
OG24942	16	7	Capana06g001078,Capana03g000573	PGSC0003DMP400050412,PGSC0003DMP400050410,PGSC0003DMP400025020,PGSC0003DMP400050411	Sopen06g025860.1,Sopen03g036720.1	SPI03g05030.1,SPI06g04353.1	Solyc03g117810.4.1,Solyc06g068600.3.1	SLYcer03g04975.1,SLYcer06g04493.1	Capang06g001031,Capang03g000524
OG24982	16	7	Capana11g001290,Capana01g001016,Capana08g000254	PGSC0003DMP400014411,PGSC0003DMP400014412	Sopen08g018260.1,Sopen05g001310.1	SPI08g04684.1,SPI05g00132.1	Solyc08g062780.2.1,Solyc05g005300.2.1	SLYcer08g04785.1,SLYcer05g00120.1	Capang00g000803,Capang11g001280,Capang00g002138
OG25066	16	7	Capana08g000886,Capana09g002408,Capana12g002324,Capana12g002397	PGSC0003DMP400015695	Sopen09g005330.1,Sopen01g038290.1	SPI09g00830.1,SPI01g07167.1	Solyc01g094480.4.1,Solyc09g010620.1.1	SLYcer01g06919.1	Capang12g002003,Capang00g004973,Capang00g001893,Capang12g002062
OG25173	17	7	Capana07g002184,Capana09g000934	PGSC0003DMP400026850,PGSC0003DMP400026849,PGSC0003DMP400026851	Sopen07g031310.2,Sopen12g007160.2,Sopen07g031310.1,Sopen12g007160.1	SPI07g06066.1,SPI12g00842.1	Solyc12g013840.3.1,Solyc07g063120.4.1	SLYcer07g05347.1,SLYcer12g00799.1	Capang07g002204,Capang00g001235
OG25471	19	7	Capana03g001677	PGSC0003DMP400023286,PGSC0003DMP400044318	Sopen07g017550.1,Sopen05g009100.1,Sopen05g016940.1,Sopen05g009090.1	SPI05g01131.1,SPI07g03907.1,SPI05g02448.1	Solyc07g039200.4.1,Solyc05g018780.1.1,Solyc05g025630.3.1,Solyc05g014090.3.1	SLYcer05g01061.1,SLYcer05g01892.1,SLYcer05g02433.1,SLYcer07g03191.1	Capang03g001617
OG25479	19	5		PGSC0003DMP400046574,PGSC0003DMP400015429,PGSC0003DMP400002158,PGSC0003DMP400002154,PGSC0003DMP400015428	Sopen08g011410.1,Sopen08g011370.1,Sopen08g011170.1,Sopen08g011400.1	SPI08g02288.1,SPI08g02291.1	Solyc08g036640.3.1,Solyc08g036620.4.1,Solyc08g036505.2.1,Solyc08g036660.4.1	SLYcer08g01499.1,SLYcer08g02335.1,SLYcer08g02330.1,SLYcer08g02337.1	
OG25560	19	7	Capana03g003239,Capana06g000104	PGSC0003DMP400034775,PGSC0003DMP400033621,PGSC0003DMP400034774,PGSC0003DMP400033618,PGSC0003DMP400034773	Sopen06g035500.2,Sopen09g027380.2,Sopen06g035500.1,Sopen06g035500.3,Sopen09g027380.1	SPI09g03681.1,SPI06g05367.1	Solyc09g065630.3.1,Solyc06g084120.4.1	SLYcer06g05475.1	Capang03g003164,Capang06g000088
OG25772	20	7	Capana06g000523,Capana11g000125,Capana05g001652	PGSC0003DMP400012657,PGSC0003DMP400012656,PGSC0003DMP400014286,PGSC0003DMP400012655,PGSC0003DMP400012654	Sopen11g027810.1,Sopen06g031340.1	SPI11g03938.1,SPI06g04918.1	Solyc11g069090.2.1,Solyc06g074940.4.1	SLYcer06g05058.1,SLYcer11g03875.1	Capang11g000120,Capang00g003866,Capang05g001333,Capang11g002251
OG25838	21	7	Capana07g000694,Capana04g000459,Capana12g000687	PGSC0003DMP400005983,PGSC0003DMP400011547,PGSC0003DMP400027070	Sopen12g030880.1,Sopen04g033250.1,Sopen07g012650.1	SPI04g05061.1,SPI07g03247.1,SPI12g04682.1	Solyc12g088980.2.1,Solyc07g025140.4.1,Solyc04g079700.3.1	SLYcer07g01899.1,SLYcer04g05565.1,SLYcer12g04723.1	Capang07g000719,Capang04g000428,Capang12g000570
OG25839	21	7	Capana03g000726,Capana00g004663,Capana12g001413	PGSC0003DMP400009959,PGSC0003DMP400050159,PGSC0003DMP400027754	Sopen06g026300.1,Sopen03g037930.1,Sopen12g020110.1	SPI12g03720.1,SPI03g05158.1,SPI06g04396.1	Solyc12g040510.2.1,Solyc03g119040.3.1,Solyc06g069010.3.1	SLYcer06g04537.1,SLYcer12g03771.1,SLYcer03g05099.1	Capang11g001476,Capang00g000422,Capang12g001203
OG25882	21	7	Capana09g001161,Capana06g002971	PGSC0003DMP400025911,PGSC0003DMP400032990,PGSC0003DMP400032987,PGSC0003DMP400025910,PGSC0003DMP400025912,PGSC0003DMP400032988,PGSC0003DMP400032989	Sopen06g002870.1,Sopen06g002870.3,Sopen06g002870.2,Sopen09g025180.1	SPI06g00267.1,SPI09g03386.1	Solyc09g063010.4.1,Solyc06g008030.3.1	SLYcer09g03490.1,SLYcer06g00488.1	Capang06g002736,Capang07g001757
OG25887	21	7	Capana11g000045,Capana06g000544	PGSC0003DMP400021237,PGSC0003DMP400012707,PGSC0003DMP400021235,PGSC0003DMP400021234,PGSC0003DMP400034162,PGSC0003DMP400012705,PGSC0003DMP400021238,PGSC0003DMP400021236	Sopen11g028570.1,Sopen06g031360.1,Sopen06g031370.1	SPI11g04027.1,SPI06g04920.1	Solyc11g069710.2.1,Solyc06g074960.4.1	SLYcer06g05060.1,SLYcer11g03961.1	Capang00g003863,Capang11g000039
OG25925	22	5		PGSC0003DMP400012200,PGSC0003DMP400002559,PGSC0003DMP400006064,PGSC0003DMP400039949	Sopen02g032580.1,Sopen03g032060.1,Sopen06g027190.1,Sopen02g016520.1,Sopen05g003170.1	SPI05g00394.1,SPI03g04530.1,SPI02g04124.1,SPI06g04497.1,SPI02g02418.1	Solyc02g087860.3.1,Solyc05g007210.2.1,Solyc03g112995.1.1	SLYcer02g03522.1,SLYcer03g04480.1,SLYcer06g04637.1,SLYcer05g00360.1,SLYcer02g05194.1	
OG25971	22	7	Capana01g002979,Capana03g002070,Capana00g002437	PGSC0003DMP400016023,PGSC0003DMP400051622,PGSC0003DMP400051624,PGSC0003DMP400051623	Sopen03g003370.1,Sopen01g031830.1,Sopen09g034650.1	SPI09g04793.1,SPI01g06428.1,SPI03g00554.1	Solyc03g007410.4.1,Solyc01g080050.4.1,Solyc09g091760.3.1	SLYcer01g06128.1,SLYcer09g05113.1,SLYcer03g00334.1	Capang01g002661,Capang03g003910,Capang03g001960
OG25992	22	7	Capana01g001969,Capana11g002139	PGSC0003DMP400003421,PGSC0003DMP400015469,PGSC0003DMP400034159,PGSC0003DMP400015470,PGSC0003DMP400015468,PGSC0003DMP400015467,PGSC0003DMP400034158,PGSC0003DMP400003420	Sopen04g001200.1,Sopen05g006420.1,Sopen01g005670.1	SPI01g00908.1,SPI05g00788.1	Solyc01g010130.4.1,Solyc04g005220.3.1,Solyc05g010610.3.1	SLYcer05g00755.1,SLYcer01g00851.1,SLYcer04g00198.1	Capang01g001678
OG26086	23	7	Capana03g003256,Capana04g002178,Capana03g004574	PGSC0003DMP400023697,PGSC0003DMP400010802,PGSC0003DMP400023696,PGSC0003DMP400033590,PGSC0003DMP400023698,PGSC0003DMP400023700	Sopen09g032140.1,Sopen09g027610.1,Sopen03g001390.1	SPI03g00224.1,SPI09g04502.1,SPI09g03706.1	Solyc03g005350.3.1,Solyc09g065820.4.1,Solyc09g083220.3.1	SLYcer03g00061.1,SLYcer09g03785.1,SLYcer09g04841.1	Capang04g001915,Capang03g003180
OG26230	24	7	Capana11g000658,Capana10g001375,Capana08g002774,Capana06g002579	PGSC0003DMP400032482,PGSC0003DMP400032479,PGSC0003DMP400032480,PGSC0003DMP400021382,PGSC0003DMP400032481,PGSC0003DMP400044020,PGSC0003DMP400044019,PGSC0003DMP400021381	Sopen01g053900.1,Sopen11g030190.1	SPI01g08794.1,SPI11g04227.1	Solyc01g111860.4.1,Solyc11g072540.3.1	SLYcer01g08564.1,SLYcer11g04155.1	Capang01g005357,Capang10g000950,Capang06g002354,Capang11g000591
OG26313	25	7	Capana01g004305,Capana01g004300,Capana03g001159,Capana01g004299,Capana03g001163,Capana09g002221,Capana01g004259,Capana01g004316,Capana01g004263,Capana01g004306,Capana01g004278	PGSC0003DMP400032222,PGSC0003DMP400046937	Sopen08g001460.1	SPI08g00114.1	Solyc08g005420.3.1	SLYcer08g00191.1	Capang08g001194,Capang03g001113,Capang08g001130,Capang09g001729,Capang08g001185,Capang03g001114,Capang08g001175,Capang08g001174
OG26415	27	7	Capana00g003545,Capana11g002227,Capana02g001781	PGSC0003DMP400018055,PGSC0003DMP400035480,PGSC0003DMP400001571,PGSC0003DMP400013220,PGSC0003DMP400035479,PGSC0003DMP400001570	Sopen02g021850.1,Sopen04g002080.1,Sopen07g027250.1,Sopen05g005680.1	SPI04g00267.1,SPI07g05569.1,SPI05g00679.1,SPI02g02986.1	Solyc04g006990.3.1,Solyc02g076920.3.1,Solyc07g053290.3.1,Solyc05g009880.3.1	SLYcer05g00648.1,SLYcer02g04090.1,SLYcer04g00291.1,SLYcer07g04846.1	Capang11g002129,Capang00g001724
OG26472	28	7	Capana05g000221,Capana04g000855,Capana03g002644	PGSC0003DMP400048213,PGSC0003DMP400027441,PGSC0003DMP400027440,PGSC0003DMP400040805,PGSC0003DMP400016517,PGSC0003DMP400048214	Sopen06g017200.1,Sopen03g026080.1,Sopen04g006480.1,Sopen00g013410.1	SPI04g04725.1,SPI03g03871.1,SPI06g03391.1,SPI04g00880.1	Solyc06g051260.4.1,Solyc04g014360.3.1,Solyc03g095980.3.1,Solyc04g076240.3.1	SLYcer04g05235.1,SLYcer04g01143.1,SLYcer06g03474.1,SLYcer03g03810.1	Capang04g000819,Capang03g002506,Capang05g000217
OG26483	28	7	Capana00g001529,Capana09g000087,Capana09g000088,Capana12g000455	PGSC0003DMP400036180,PGSC0003DMP400051165,PGSC0003DMP400036181,PGSC0003DMP400066978,PGSC0003DMP400034533	Sopen08g023740.1,Sopen07g004260.1,Sopen08g023720.1,Sopen12g032080.1	SPI07g00579.1,SPI08g05606.1,SPI08g05604.1	Solyc08g075110.3.1,Solyc08g075090.4.1,Solyc07g008370.4.1	SLYcer07g00529.1,SLYcer12g04886.1,SLYcer08g05728.1,SLYcer08g05725.1,SLYcer08g05726.1	Capang07g000528,Capang12g000380,Capang09g000083,Capang09g000082
OG26633	31	7	Capana12g002025,Capana00g001876,Capana03g001972	PGSC0003DMP400043399,PGSC0003DMP400034024,PGSC0003DMP400010368,PGSC0003DMP400022036,PGSC0003DMP400022037,PGSC0003DMP400034025,PGSC0003DMP400044322,PGSC0003DMP400044323,PGSC0003DMP400043400,PGSC0003DMP400032277	Sopen03g022690.1,Sopen06g018120.1,Sopen11g001670.1,Sopen03g022690.2	SPI03g03380.1,SPI06g03493.1,SPI09g00839.1,SPI11g00320.1	Solyc06g052070.3.1,Solyc11g005710.2.1,Solyc03g082870.4.1	SLYcer11g00161.1,SLYcer10g00421.1,SLYcer06g03579.1,SLYcer03g03292.1	Capang03g001872,Capang12g001746,Capang00g002241
OG26664	32	7	Capana01g002561,Capana10g002371,Capana03g004251,Capana00g004871	PGSC0003DMP400014344,PGSC0003DMP400011610,PGSC0003DMP400011611,PGSC0003DMP400054552,PGSC0003DMP400043846,PGSC0003DMP400014343,PGSC0003DMP400054553	Sopen09g036050.2,Sopen10g029690.1,Sopen06g023550.1,Sopen09g036050.1,Sopen09g036050.3,Sopen01g033890.1	SPI06g04059.1,SPI01g06688.1,SPI09g04950.1,SPI10g03762.1	Solyc09g098110.4.1,Solyc06g065040.4.1,Solyc10g079050.2.1,Solyc01g086870.3.1	SLYcer09g05261.1,SLYcer10g05271.1,SLYcer01g06420.1,SLYcer06g04195.1	Capang10g002126,Capang06g000592,Capang01g002224
OG26667	32	7	Capana00g004191,Capana10g000468,Capana10g000466,Capana10g000467	PGSC0003DMP400035840,PGSC0003DMP400024648,PGSC0003DMP400024650,PGSC0003DMP400035839,PGSC0003DMP400029285,PGSC0003DMP400024649,PGSC0003DMP400029284	Sopen04g024830.1,Sopen04g024820.1,Sopen03g026560.1,Sopen03g026660.1,Sopen03g026650.1	SPI03g03950.1,SPI03g03951.1,SPI04g03748.1,SPI03g03936.1	Solyc03g096540.3.1,Solyc04g054980.3.1,Solyc03g096545.1.1,Solyc03g096460.4.1	SLYcer03g03895.1,SLYcer04g04020.1,SLYcer03g03880.1,SLYcer03g03896.1	Capang01g005132,Capang10g000363,Capang10g000362,Capang10g000364
OG26721	33	7	Capana12g002651,Capana08g002051,Capana08g002050,Capana05g001759,Capana08g002055,Capana05g001760,Capana08g002054	PGSC0003DMP400028338,PGSC0003DMP400029348,PGSC0003DMP400022199	Sopen11g004890.1,Sopen05g029950.1,Sopen01g047930.1,Sopen01g047920.1,Sopen01g047950.1,Sopen05g029960.1	SPI05g04418.1,SPI11g00672.1,SPI01g08170.1	Solyc11g009100.2.1,Solyc05g051530.4.1,Solyc01g105387.1.1,Solyc01g105450.4.1	SLYcer11g00530.1,SLYcer10g02545.1,SLYcer01g07932.1,SLYcer01g07927.1	Capang12g002291,Capang01g004609,Capang05g001436,Capang01g004614,Capang01g004612,Capang05g001438
OG26763	34	7	Capana10g000027,Capana10g000026,Capana00g004216,Capana00g001573,Capana02g002148	PGSC0003DMP400037645,PGSC0003DMP400033471,PGSC0003DMP400045403,PGSC0003DMP400037646,PGSC0003DMP400045404,PGSC0003DMP400045405,PGSC0003DMP400025430,PGSC0003DMP400025429,PGSC0003DMP400033472	Sopen07g032180.1,Sopen10g002460.1,Sopen02g024720.1,Sopen07g026270.1	SPI02g03290.1,SPI07g06153.1,SPI07g05494.1,SPI10g00252.1	Solyc10g006510.3.1,Solyc07g052670.3.1,Solyc02g079970.4.1,Solyc07g064040.3.1	SLYcer07g04782.1,SLYcer10g00385.1,SLYcer02g04388.1,SLYcer07g05440.1	Capang01g005158,Capang02g001938,Capang00g004982,Capang10g000023
OG26776	35	7	Capana09g000448,Capana05g001315,Capana11g000710,Capana05g001317,Capana11g000709	PGSC0003DMP400013620,PGSC0003DMP400050190,PGSC0003DMP400050188,PGSC0003DMP400050189	Sopen12g002260.1,Sopen09g025480.2,Sopen09g025480.1,Sopen07g023410.1,Sopen05g019720.1	SPI12g00278.1,SPI09g03435.1,SPI07g04636.1,SPI05g02923.1,SPI12g00283.1,SPI12g00280.1	Solyc09g064320.3.1,Solyc05g025510.3.1,Solyc07g044850.3.1,Solyc09g064310.3.1,Solyc12g006300.2.1,Solyc12g006317.1.1	SLYcer12g00249.1,SLYcer09g03542.1,SLYcer07g03924.1,SLYcer12g00246.1,SLYcer05g02341.1	Capang00g001960,Capang00g000179,Capang09g000411,Capang11g000659
OG26845	37	7	Capana06g002458,Capana07g002066,Capana07g002068,Capana03g003593,Capana03g002443	PGSC0003DMP400062939,PGSC0003DMP400018618,PGSC0003DMP400013372,PGSC0003DMP400012579	Sopen07g030480.1,Sopen04g025470.1,Sopen03g002910.1,Sopen06g011230.1,Sopen09g029650.1	SPI09g04123.1,SPI03g00504.1,SPI07g05978.1,SPI04g03866.1,SPI06g02874.1	Solyc06g035490.3.1,Solyc09g074810.2.1,Solyc04g056535.1.1,Solyc07g062200.2.1,Solyc09g074805.1.1,Solyc03g006910.3.1	SLYcer07g05254.1,SLYcer04g04226.1,SLYcer09g04316.1,SLYcer06g02813.1,SLYcer03g00287.1	Capang06g002465,Capang06g002464,Capang07g002104,Capang03g003494,Capang03g002364,Capang07g002102,Capang06g002278
OG26963	42	7	Capana10g000345,Capana10g000340,Capana10g000360	PGSC0003DMP400013778,PGSC0003DMP400062025,PGSC0003DMP400023270	Sopen12g005590.2,Sopen10g004110.1,Sopen10g004130.1,Sopen12g005610.1,Sopen10g004100.1,Sopen12g005590.1	SPI10g00430.1,SPI10g00428.1,SPI10g00432.1,SPI12g00663.1,SPI10g00433.1,SPI12g00665.1,SPI10g00434.1,SPI10g00429.1	Solyc12g010585.1.1,Solyc10g008263.1.1,Solyc10g008243.1.1,Solyc10g008250.1.1,Solyc12g010595.1.1,Solyc10g008270.3.1,Solyc10g008247.1.1,Solyc10g008260.2.1	SLYcer10g00568.1,SLYcer10g00573.1,SLYcer10g00571.1,SLYcer10g00566.1,SLYcer10g00570.1,SLYcer10g00569.1,SLYcer10g00565.1,SLYcer12g00636.1,SLYcer10g00567.1,SLYcer12g00638.1	Capang10g000245,Capang00g005321,Capang10g000243,Capang10g000258
OG26995	43	7	Capana11g002061,Capana03g000915,Capana05g001361,Capana00g004701,Capana04g001945,Capana00g002588,Capana11g002060	PGSC0003DMP400034147,PGSC0003DMP400042420,PGSC0003DMP400034146,PGSC0003DMP400042421,PGSC0003DMP400042418,PGSC0003DMP400007246,PGSC0003DMP400034149,PGSC0003DMP400003422,PGSC0003DMP400007247,PGSC0003DMP400007248,PGSC0003DMP400034148	Sopen03g033800.2,Sopen06g026630.1,Sopen05g006570.1,Sopen04g001260.1,Sopen03g010770.1,Sopen03g033800.1	SPI03g01620.1,SPI05g00833.1,SPI03g04720.1,SPI06g04439.1,SPI04g00176.1	Solyc06g069370.4.1,Solyc05g011810.4.1,Solyc04g005280.4.1,Solyc03g114720.3.1,Solyc03g046570.4.1	SLYcer04g00204.1,SLYcer03g01415.1,SLYcer06g04580.1,SLYcer03g04663.1,SLYcer05g00790.1	Capang00g002218,Capang00g000884,Capang03g000840,Capang04g001732
OG27037	46	7	Capana06g000177,Capana02g001930,Capana06g001400,Capana09g001187,Capana06g001401	PGSC0003DMP400030837,PGSC0003DMP400030838,PGSC0003DMP400027869,PGSC0003DMP400034861,PGSC0003DMP400026856,PGSC0003DMP400027868,PGSC0003DMP400027867,PGSC0003DMP400027870	Sopen06g034840.1,Sopen02g022840.1,Sopen05g022910.1,Sopen06g024040.3,Sopen09g024030.1,Sopen08g002880.1,Sopen08g002880.3,Sopen06g024040.1,Sopen08g002880.2,Sopen06g024040.2	SPI09g03235.1,SPI08g00291.1,SPI06g05298.1,SPI06g04125.1,SPI12g00859.1	Solyc05g026480.2.1,Solyc02g078000.2.1,Solyc09g061290.3.1,Solyc08g006910.4.1,Solyc06g083460.4.1,Solyc06g065640.3.1,Solyc12g013940.1.1	SLYcer05g02728.1,SLYcer08g00355.1,SLYcer06g05406.1,SLYcer12g00813.1,SLYcer09g03309.1,SLYcer06g04263.1	Capang02g001707,Capang06g001335,Capang06g001334,Capang09g000896,Capang06g000154
OG27115	51	7	Capana03g003181,Capana04g001108,Capana10g000200,Capana12g000246,Capana07g002444	PGSC0003DMP400038532,PGSC0003DMP400015276,PGSC0003DMP400037462,PGSC0003DMP400008106,PGSC0003DMP400016759,PGSC0003DMP400059308,PGSC0003DMP400037459,PGSC0003DMP400038533,PGSC0003DMP400037460,PGSC0003DMP400016760,PGSC0003DMP400037463,PGSC0003DMP400008107,PGSC0003DMP400016761,PGSC0003DMP400015274	Sopen07g034310.1,Sopen09g036250.1,Sopen04g029060.3,Sopen12g033440.1,Sopen07g034320.1,Sopen10g001700.1,Sopen04g029060.4	SPI04g04478.1,SPI09g04970.1,SPI12g05008.1,SPI07g06368.1,SPI10g00174.1,SPI04g02531.1	Solyc07g066130.1.1,Solyc04g045290.1.1,Solyc07g066140.1.1,Solyc04g072890.4.1,Solyc10g005730.3.1,Solyc09g098330.3.1,Solyc12g098690.2.1	SLYcer10g00310.1,SLYcer04g04997.1,SLYcer07g05651.1,SLYcer07g05650.1,SLYcer09g05280.1,SLYcer04g02771.1,SLYcer12g05050.1	Capang00g003190,Capang04g001050,Capang12g000215,Capang03g003075,Capang07g002440
OG27128	52	7	Capana01g001914,Capana07g000750	PGSC0003DMP400050903,PGSC0003DMP400050905,PGSC0003DMP400050902,PGSC0003DMP400011489,PGSC0003DMP400050904	Sopen01g005230.1,Sopen01g005240.1,Sopen07g021770.1,Sopen01g005260.1	SPI01g01606.1,SPI01g00811.1,SPI01g01661.1,SPI01g01439.1,SPI01g01158.1,SPI01g01500.1,SPI01g01576.1,SPI01g01140.1,SPI01g00812.1,SPI01g01617.1,SPI07g04420.1,SPI01g01637.1,SPI01g00816.1,SPI01g01570.1,SPI01g01155.1,SPI01g01687.1,SPI01g01660.1	Solyc01g011170.1.1,Solyc01g013990.1.1,Solyc01g009735.1.1,Solyc01g009730.3.1,Solyc01g009740.3.1,Solyc01g150113.1.1,Solyc07g042170.3.1,Solyc01g011117.1.1	SLYcer01g00763.1,SLYcer01g01516.1,SLYcer01g01556.1,SLYcer07g03700.1,SLYcer01g01542.1,SLYcer01g01087.1,SLYcer01g01593.1,SLYcer01g01442.1,SLYcer01g00767.1,SLYcer01g01101.1,SLYcer01g01381.1,SLYcer01g01508.1,SLYcer01g01411.1,SLYcer01g01592.1	Capang01g001633,Capang07g000806
OG27130	52	7	Capana03g001105,Capana06g001014,Capana03g001103,Capana06g001011,Capana06g001013,Capana03g001104,Capana06g001015,Capana03g001107	PGSC0003DMP400055846,PGSC0003DMP400055847,PGSC0003DMP400031614,PGSC0003DMP400031613,PGSC0003DMP400055792	Sopen03g032140.1,Sopen06g027230.1,Sopen06g027220.1,Sopen03g032140.2,Sopen03g032150.1,Sopen03g032120.1,Sopen06g027210.1,Sopen06g027200.1,Sopen03g032140.4,Sopen03g032140.3	SPI06g04499.1,SPI03g04537.1,SPI03g04535.1,SPI06g04500.1,SPI03g04538.1,SPI06g04498.1,SPI06g04501.1	Solyc06g070920.3.1,Solyc06g070940.4.1,Solyc03g113060.3.1,Solyc06g070960.3.1,Solyc03g113040.4.1,Solyc06g070950.2.1,Solyc03g113070.4.1,Solyc06g070930.3.1	SLYcer03g04486.1,SLYcer03g04488.1,SLYcer06g04639.1,SLYcer06g04642.1,SLYcer06g04641.1,SLYcer03g04489.1,SLYcer06g04640.1	Capang06g000960,Capang06g000956,Capang03g001061,Capang06g000958,Capang03g001058,Capang03g001059,Capang06g000959
OG27181	56	7	Capana12g000311,Capana04g000624,Capana12g000313,Capana12g000788,Capana07g002496,Capana12g000752,Capana12g000308	PGSC0003DMP400065303,PGSC0003DMP400064701,PGSC0003DMP400061609,PGSC0003DMP400068295,PGSC0003DMP400060435	Sopen04g031910.1,Sopen12g030530.1,Sopen05g009550.1,Sopen12g030510.1,Sopen02g002170.1,Sopen12g023530.1	SPI12g04644.1,SPI05g01182.1,SPI09g01291.1,SPI12g04636.1,SPI09g03509.1,SPI12g04639.1,SPI04g04939.1,SPI12g04218.1,SPI12g04643.1,SPI05g01181.1	Solyc12g088540.3.1,Solyc04g078320.4.1,Solyc12g088630.2.1,Solyc09g064770.1.1,Solyc12g049100.3.1,Solyc09g015500.1.1,Solyc05g014420.3.1,Solyc12g088570.3.1,Solyc12g088620.2.1,Solyc05g014460.3.1	SLYcer05g01107.1,SLYcer09g03613.1,SLYcer04g05441.1,SLYcer12g04680.1,SLYcer09g01426.1,SLYcer12g04679.1,SLYcer12g04278.1,SLYcer12g04684.1,SLYcer05g01108.1,SLYcer12g04685.1	Capang12g000261,Capang00g003003,Capang10g001538,Capang04g000591,Capang12g000265,Capang12g000670,Capang00g003997,Capang12g000631
OG27235	62	7	Capana00g003959,Capana11g001082,Capana11g001442,Capana01g002718,Capana08g002490,Capana03g001019,Capana04g002016,Capana02g003164	PGSC0003DMP400003430,PGSC0003DMP400042308,PGSC0003DMP400011929,PGSC0003DMP400017863,PGSC0003DMP400029655,PGSC0003DMP400044997,PGSC0003DMP400044998,PGSC0003DMP400016961,PGSC0003DMP400027359,PGSC0003DMP400039740,PGSC0003DMP400003429	Sopen02g034840.1,Sopen05g008820.1,Sopen01g030180.1,Sopen04g001030.1,Sopen08g020800.1,Sopen03g009100.1,Sopen01g051310.1,Sopen05g002300.1,Sopen03g032900.1	SPI09g03168.1,SPI03g01459.1,SPI01g08523.1,SPI05g01097.1,SPI08g04988.1,SPI03g04611.1,SPI05g00243.1,SPI04g00074.1,SPI03g04407.1	Solyc04g005020.3.1,Solyc03g111780.1.1,Solyc03g113850.1.1,Solyc02g090150.1.1,Solyc01g109120.3.1,Solyc05g006340.3.1,Solyc01g068250.2.1,Solyc03g044830.4.1	SLYcer03g01250.1,SLYcer08g05097.1,SLYcer03g04560.1,SLYcer03g04351.1,SLYcer04g00123.1,SLYcer01g08301.1,SLYcer09g03238.1,SLYcer05g00227.1	Capang02g002869,Capang01g005012,Capang04g001826,Capang11g001400,Capang01g003207,Capang01g002381,Capang11g001063,Capang03g000953,Capang00g002151
OG27283	70	7	Capana08g002349,Capana08g002345,Capana08g002354,Capana08g002356,Capana08g002352,Capana08g002348,Capana08g002353,Capana08g002346	PGSC0003DMP400026346,PGSC0003DMP400044661,PGSC0003DMP400044662,PGSC0003DMP400044663,PGSC0003DMP400044664,PGSC0003DMP400067113	Sopen01g050160.1,Sopen01g010070.1,Sopen09g010770.1,Sopen01g050170.1,Sopen09g010690.1,Sopen01g010120.1,Sopen01g050130.1,Sopen01g050150.1,Sopen01g009900.1,Sopen01g021920.1	SPI09g01460.1,SPI12g03222.1,SPI01g02745.1,SPI01g04919.1,SPI01g02023.1,SPI01g02747.1,SPI01g08416.1,SPI01g08414.1,SPI01g02024.1,SPI01g08417.1,SPI09g01455.1,SPI01g02052.1,SPI07g01246.1,SPI01g08413.1,SPI01g08415.1	Solyc09g018130.3.1,Solyc01g014960.1.1,Solyc01g020180.1.1,Solyc01g057300.2.1,Solyc01g107960.4.1,Solyc09g018150.1.1,Solyc01g107970.1.1,Solyc01g014910.2.1,Solyc01g107950.2.1,Solyc01g020170.2.1	SLYcer01g08189.1,SLYcer01g04771.1,SLYcer09g01593.1,SLYcer01g08185.1,SLYcer01g01972.1,SLYcer09g01598.1,SLYcer07g01225.1,SLYcer01g02675.1,SLYcer01g08188.1,SLYcer01g01949.1,SLYcer12g03259.1,SLYcer01g02677.1,SLYcer12g03243.1,SLYcer01g01948.1,SLYcer01g08187.1	Capang01g004900,Capang01g004899,Capang01g004896,Capang01g004898,Capang01g004895,Capang00g002944
OG27293	71	7	Capana03g000468,Capana07g000413,Capana08g001567,Capana03g000524,Capana03g000455,Capana01g000877,Capana01g000876	PGSC0003DMP400019363,PGSC0003DMP400042819,PGSC0003DMP400019361,PGSC0003DMP400019362,PGSC0003DMP400019357,PGSC0003DMP400053821,PGSC0003DMP400019360,PGSC0003DMP400019366,PGSC0003DMP400019367,PGSC0003DMP400024847,PGSC0003DMP400019364,PGSC0003DMP400019358,PGSC0003DMP400019359,PGSC0003DMP400024848,PGSC0003DMP400019370,PGSC0003DMP400019356,PGSC0003DMP400019365,PGSC0003DMP400042818,PGSC0003DMP400019368,PGSC0003DMP400019369,PGSC0003DMP400019373,PGSC0003DMP400019371,PGSC0003DMP400019372,PGSC0003DMP400053822	Sopen03g035660.1,Sopen08g009970.3,Sopen01g043580.1,Sopen08g024680.2,Sopen08g024680.1,Sopen08g009970.1,Sopen03g036250.1,Sopen03g036260.1,Sopen03g036280.1,Sopen07g003920.1,Sopen08g009970.2,Sopen07g003920.2,Sopen01g043580.2	SPI08g05709.1,SPI03g04929.1,SPI03g04990.1,SPI01g07723.1,SPI03g04992.1,SPI07g00547.1,SPI08g04132.1	Solyc03g117360.4.1,Solyc08g029050.4.1,Solyc03g116750.3.1,Solyc07g008040.4.1,Solyc03g117370.3.1,Solyc01g100050.3.1,Solyc08g076030.3.1	SLYcer01g07550.1,SLYcer03g04933.1,SLYcer07g00493.1,SLYcer08g04227.1,SLYcer03g04935.1,SLYcer08g05822.1,SLYcer03g04871.1	Capang01g000789,Capang07g000461,Capang03g000412,Capang03g000482,Capang03g000427,Capang01g004115
OG27480	128	7	Capana02g002911,Capana01g000045,Capana01g000441,Capana00g000643,Capana01g000418,Capana01g000416,Capana02g002912,Capana02g002909,Capana02g000614,Capana10g000647,Capana00g003743,Capana02g002899,Capana08g002143,Capana01g004240,Capana01g002435,Capana05g000994,Capana08g001059	PGSC0003DMP400019127,PGSC0003DMP400021649,PGSC0003DMP400019124,PGSC0003DMP400053333,PGSC0003DMP400018367,PGSC0003DMP400053329,PGSC0003DMP400010389,PGSC0003DMP400018369,PGSC0003DMP400053330,PGSC0003DMP400025089,PGSC0003DMP400009069,PGSC0003DMP400009742,PGSC0003DMP400009735,PGSC0003DMP400009734,PGSC0003DMP400012418,PGSC0003DMP400053331,PGSC0003DMP400019126,PGSC0003DMP400018368,PGSC0003DMP400007305,PGSC0003DMP400007304,PGSC0003DMP400000490,PGSC0003DMP400053332,PGSC0003DMP400019125,PGSC0003DMP400019121,PGSC0003DMP400019123,PGSC0003DMP400019129,PGSC0003DMP400019128,PGSC0003DMP400009736,PGSC0003DMP400000489,PGSC0003DMP400030471,PGSC0003DMP400053318	Sopen10g005050.1,Sopen01g048830.1,Sopen02g036300.1,Sopen10g005070.1,Sopen08g031370.1,Sopen02g036380.1,Sopen05g009670.1,Sopen02g014520.1,Sopen06g023060.1,Sopen02g036400.1,Sopen08g004440.1,Sopen01g039770.1,Sopen02g036390.2,Sopen05g028990.1,Sopen07g006930.1,Sopen02g036390.1	SPI12g04589.1,SPI07g01100.1,SPI02g04492.1,SPI02g02156.1,SPI02g04485.1,SPI06g04018.1,SPI01g07328.1,SPI10g00548.1,SPI08g00558.1,SPI06g04017.1,SPI08g06436.1,SPI02g04494.1,SPI10g00550.1,SPI02g04493.1,SPI05g04283.1,SPI01g08269.1	Solyc05g014590.3.1,Solyc02g091820.3.1,Solyc08g083170.1.1,Solyc06g064580.2.1,Solyc02g063430.4.1,Solyc10g009270.3.1,Solyc02g091810.2.1,Solyc02g091800.4.1,Solyc01g096050.4.1,Solyc02g091690.3.1,Solyc10g009290.1.1,Solyc05g050560.1.1,Solyc01g106460.4.1,Solyc06g064590.3.1,Solyc07g018010.3.1,Solyc08g008600.3.1	SLYcer02g05572.1,SLYcer08g06532.1,SLYcer08g00586.1,SLYcer10g00688.1,SLYcer02g05566.1,SLYcer02g05578.1,SLYcer01g07078.1,SLYcer07g01080.1,SLYcer10g02686.1,SLYcer06g04150.1,SLYcer01g08037.1,SLYcer06g04149.1,SLYcer05g01131.1,SLYcer02g03272.1,SLYcer10g00686.1,SLYcer02g05573.1	Capang02g002635,Capang10g000497,Capang02g002623,Capang02g000532,Capang01g002101,Capang00g002416,Capang01g003643,Capang01g000404,Capang02g002634,Capang08g001116,Capang01g000039,Capang02g002632,Capang08g001336,Capang01g004688,Capang00g002410,Capang01g000387
OG27507	146	7	Capana12g001150,Capana11g000576,Capana01g001559,Capana03g003732,Capana12g001151,Capana01g001624,Capana01g001575,Capana01g001577,Capana11g000928,Capana03g003733,Capana01g001560,Capana11g000577,Capana01g001578,Capana01g003855,Capana01g001574,Capana01g000180	PGSC0003DMP400030515,PGSC0003DMP400034249,PGSC0003DMP400042722,PGSC0003DMP400019188,PGSC0003DMP400019187,PGSC0003DMP400050334,PGSC0003DMP400013721,PGSC0003DMP400036451,PGSC0003DMP400030513,PGSC0003DMP400030516,PGSC0003DMP400055325,PGSC0003DMP400030520,PGSC0003DMP400042724,PGSC0003DMP400042725,PGSC0003DMP400039702,PGSC0003DMP400023436,PGSC0003DMP400023433,PGSC0003DMP400055418,PGSC0003DMP400042858,PGSC0003DMP400030517,PGSC0003DMP400055326,PGSC0003DMP400042721,PGSC0003DMP400030514,PGSC0003DMP400023434,PGSC0003DMP400050332,PGSC0003DMP400030518,PGSC0003DMP400055054,PGSC0003DMP400042726,PGSC0003DMP400042723,PGSC0003DMP400039700,PGSC0003DMP400030519,PGSC0003DMP400042728	Sopen01g002550.1,Sopen00g007380.1,Sopen09g021730.1,Sopen01g002530.1,Sopen08g009740.1,Sopen09g030670.1,Sopen08g004860.1,Sopen05g009950.1,Sopen12g006410.2,Sopen09g030680.1,Sopen01g042760.1,Sopen00g010700.1,Sopen00g009120.1,Sopen12g006410.1,Sopen00g009120.2,Sopen01g042740.1,Sopen00g005130.1,Sopen05g009950.2,Sopen00g005150.1,Sopen01g042750.1,Sopen01g042720.1,Sopen01g002520.1,Sopen00g005140.1	SPI12g00718.1,SPI01g00804.1,SPI01g07635.1,SPI01g07641.1,SPI01g07636.1,SPI10g01912.1,SPI01g00345.1,SPI01g07639.1,SPI08g04156.1,SPI01g07642.1,SPI08g00609.1,SPI09g02511.1,SPI09g04221.1,SPI04g03073.1,SPI01g00349.1,SPI05g01616.1,SPI01g07638.1,SPI01g07643.1,SPI01g07633.1,SPI01g00356.1,SPI01g07640.1	Solyc01g099200.3.1,Solyc10g046870.1.1,Solyc01g099210.3.1,Solyc12g011033.1.1,Solyc01g099160.4.1,Solyc09g055900.4.1,Solyc08g014000.3.1,Solyc01g005750.1.1,Solyc09g075870.2.1,Solyc09g055890.4.1,Solyc09g075860.3.1,Solyc01g006540.4.1,Solyc05g014790.3.1,Solyc01g099190.4.1,Solyc01g099150.5.1.1,Solyc01g099170.4.1,Solyc08g029000.3.1,Solyc01g006555.1.1	SLYcer10g03568.1,SLYcer01g00752.1,SLYcer09g02585.1,SLYcer08g04255.1,SLYcer01g07633.1,SLYcer09g04429.1,SLYcer01g07627.1,SLYcer12g00702.1,SLYcer05g01166.1,SLYcer01g00329.1,SLYcer01g07629.1,SLYcer01g07630.1,SLYcer04g03348.1,SLYcer01g00327.1,SLYcer08g00637.1,SLYcer01g00326.1,SLYcer01g07634.1,SLYcer01g07628.1,SLYcer09g04428.1,SLYcer01g07631.1,SLYcer01g07632.1	Capang12g000954,Capang01g001329,Capang03g003623,Capang03g003622,Capang01g000167,Capang01g001341,Capang01g001342,Capang10g001473,Capang01g000168,Capang11g000532,Capang07g000762,Capang11g000817,Capang09g000767,Capang01g001344,Capang08g000776
OG27516	151	7	Capana09g001129,Capana03g004186,Capana02g002872,Capana06g000216,Capana12g000298,Capana03g001051,Capana12g000725,Capana04g000560,Capana03g001619,Capana10g002370,Capana11g001506,Capana06g000802,Capana03g000694,Capana04g000713,Capana08g002288,Capana05g001110,Capana02g003089,Capana03g001053	PGSC0003DMP400008751,PGSC0003DMP400042289,PGSC0003DMP400039162,PGSC0003DMP400007209,PGSC0003DMP400033040,PGSC0003DMP400009532,PGSC0003DMP400009531,PGSC0003DMP400042291,PGSC0003DMP400014389,PGSC0003DMP400039161,PGSC0003DMP400036170,PGSC0003DMP400008096,PGSC0003DMP400014007,PGSC0003DMP400029023,PGSC0003DMP400003442,PGSC0003DMP400044621,PGSC0003DMP400035017,PGSC0003DMP400008749,PGSC0003DMP400008095,PGSC0003DMP400029024,PGSC0003DMP400025754,PGSC0003DMP400025755,PGSC0003DMP400034485,PGSC0003DMP400025756,PGSC0003DMP400046966,PGSC0003DMP400046965,PGSC0003DMP400014008,PGSC0003DMP400046967,PGSC0003DMP400008750,PGSC0003DMP400042290,PGSC0003DMP400034157,PGSC0003DMP400006687,PGSC0003DMP400010146	Sopen04g002360.1,Sopen09g021180.1,Sopen12g033380.1,Sopen03g008590.1,Sopen01g049720.1,Sopen06g034560.1,Sopen00g008050.1,Sopen09g035810.1,Sopen04g031080.1,Sopen10g029710.1,Sopen12g016990.1,Sopen01g005840.1,Sopen05g002590.1,Sopen04g001150.2,Sopen04g032390.1,Sopen08g005050.1,Sopen04g001150.1,Sopen02g035600.1,Sopen06g028890.1,Sopen03g028560.1,Sopen03g032600.1	SPI05g00310.1,SPI04g04857.1,SPI04g00317.1,SPI09g00067.1,SPI12g05001.1,SPI08g00625.1,SPI03g05196.1,SPI06g04669.1,SPI02g04419.1,SPI06g05264.1,SPI09g04921.1,SPI03g04106.1,SPI09g02734.1,SPI12g04657.1,SPI01g08370.1,SPI03g04581.1,SPI04g04985.1,SPI12g03250.1,SPI04g00085.1,SPI03g01380.1	Solyc03g097820.2.1,Solyc04g078790.3.1,Solyc03g113560.4.1,Solyc12g036470.2.1,Solyc12g088790.3.1,Solyc03g113550.2.1,Solyc03g119390.4.1,Solyc01g107490.2.1,Solyc12g098620.2.1,Solyc08g014120.3.1,Solyc09g005070.1.1,Solyc04g077480.3.1,Solyc04g007300.4.1,Solyc06g083170.3.1,Solyc05g006650.3.1,Solyc04g005130.3.1,Solyc09g097870.4.1,Solyc06g072520.2.1,Solyc03g044460.1.1,Solyc10g079070.2.1,Solyc02g090950.1.1,Solyc09g057710.4.1	SLYcer03g05137.1,SLYcer06g05373.1,SLYcer08g00656.1,SLYcer09g02807.1,SLYcer06g04809.1,SLYcer03g01171.1,SLYcer03g05344.1,SLYcer12g04698.1,SLYcer09g00176.1,SLYcer04g00132.1,SLYcer05g00281.1,SLYcer03g04531.1,SLYcer04g05489.1,SLYcer04g00334.1,SLYcer02g05494.1,SLYcer12g03270.1,SLYcer03g04051.1,SLYcer09g05238.1,SLYcer04g05360.1,SLYcer01g08142.1,SLYcer12g05043.1	Capang06g000196,Capang04g000689,Capang03g004017,Capang04g000508,Capang03g001563,Capang09g000836,Capang10g002125,Capang05g000950,Capang03g001006,Capang03g000639,Capang02g002595,Capang01g004840,Capang12g000256,Capang02g002798,Capang06g000757,Capang00g005044
OG27521	162	7	Capana04g002544,Capana02g003021,Capana03g001583,Capana02g000676,Capana05g001005,Capana08g002278,Capana08g001036,Capana01g001928,Capana10g000405,Capana07g001662,Capana07g001573,Capana10g000854	PGSC0003DMP400044853,PGSC0003DMP400043380,PGSC0003DMP400046369,PGSC0003DMP400037585,PGSC0003DMP400025582,PGSC0003DMP400000217,PGSC0003DMP400043417,PGSC0003DMP400032009,PGSC0003DMP400043383,PGSC0003DMP400043418,PGSC0003DMP400033488,PGSC0003DMP400056257,PGSC0003DMP400044854,PGSC0003DMP400043384,PGSC0003DMP400046367,PGSC0003DMP400000216,PGSC0003DMP400043379,PGSC0003DMP400045440,PGSC0003DMP400043416,PGSC0003DMP400044852,PGSC0003DMP400037771,PGSC0003DMP400046368,PGSC0003DMP400043377,PGSC0003DMP400000215,PGSC0003DMP400043381,PGSC0003DMP400037770,PGSC0003DMP400043415,PGSC0003DMP400043378,PGSC0003DMP400056258,PGSC0003DMP400043351,PGSC0003DMP400043382,PGSC0003DMP400034515	Sopen12g001290.1,Sopen10g004340.1,Sopen06g014900.1,Sopen10g005410.1,Sopen10g005450.1,Sopen07g026580.1,Sopen01g039330.1,Sopen10g005440.1,Sopen02g037370.1,Sopen01g049630.1,Sopen05g028710.1,Sopen02g014930.1,Sopen10g002550.1,Sopen07g031970.1,Sopen06g014910.1,Sopen10g030510.1,Sopen07g028470.1,Sopen10g005420.1,Sopen01g049640.1,Sopen10g002560.1	SPI10g00265.1,SPI10g00613.1,SPI12g00162.1,SPI10g00608.1,SPI08g05169.1,SPI01g08357.1,SPI10g00609.1,SPI10g00604.1,SPI07g06137.1,SPI10g00264.1,SPI10g00459.1,SPI06g03110.1,SPI10g00614.1,SPI01g07286.1,SPI10g00606.1,SPI10g00602.1,SPI10g00611.1,SPI07g05709.1,SPI02g04598.1,SPI10g00607.1,SPI10g00263.1,SPI06g03111.1,SPI05g04243.1,SPI06g03109.1,SPI07g05529.1,SPI02g02211.1,SPI01g08361.1,SPI10g00601.1	Solyc00g500214.1.1,Solyc10g011660.3.1,Solyc02g092820.4.1,Solyc07g063850.3.1,Solyc10g008520.3.1,Solyc01g107390.4.1,Solyc10g006615.1.1,Solyc00g500218.1.1,Solyc10g009620.3.1,Solyc10g009610.2.1,Solyc00g500285.1.1,Solyc00g500213.1.1,Solyc10g011650.3.1,Solyc12g005310.2.1,Solyc10g009600.1.1,Solyc00g500284.1.1,Solyc05g050290.3.1,Solyc07g054580.3.1,Solyc10g006610.4.1,Solyc00g500286.1.1,Solyc06g048710.2.1,Solyc07g053030.4.1,Solyc08g068490.3.1,Solyc00g266110.1.1,Solyc10g006630.3.1,Solyc00g254910.1.1,Solyc02g064830.4.1,Solyc05g050280.3.1,Solyc01g095580.3.1,Solyc00g500287.1.1,Solyc00g322630.1.1,Solyc00g500216.1.1	SLYcer01g07036.1,SLYcer01g08131.1,SLYcer06g03207.1,SLYcer10g00735.1,SLYcer10g00743.1,SLYcer07g05419.1,SLYcer08g05274.1,SLYcer10g00396.1,SLYcer10g00736.1,SLYcer07g04981.1,SLYcer10g02729.1,SLYcer10g00741.1,SLYcer10g00740.1,SLYcer02g03325.1,SLYcer10g02724.1,SLYcer07g04810.1,SLYcer02g05679.1,SLYcer10g00738.1,SLYcer10g00395.1,SLYcer12g00114.1,SLYcer01g08126.1,SLYcer06g03206.1,SLYcer10g00739.1,SLYcer10g00598.1	Capang10g000304,Capang07g002279,Capang07g001658,Capang02g000561,Capang07g001562,Capang01g004830,Capang02g002739,Capang10g000034,Capang01g003607,Capang01g001645,Capang00g000777,Capang10g000666,Capang00g005327,Capang10g000035
OG27529	169	7	Capana05g000978,Capana02g000820,Capana02g003278	PGSC0003DMP400024782,PGSC0003DMP400035001,PGSC0003DMP400024781,PGSC0003DMP400066913,PGSC0003DMP400002648,PGSC0003DMP400024780,PGSC0003DMP400061289	Sopen02g011050.1,Sopen02g011030.1,Sopen02g011240.1,Sopen02g016080.1,Sopen02g010380.1,Sopen02g011000.1,Sopen02g016090.1,Sopen02g011040.1,Sopen00g007860.1,Sopen02g033600.1	SPI02g02355.1,SPI02g01636.1,SPI02g01655.1,SPI02g01622.1,SPI02g01430.1,SPI02g02354.1,SPI02g01412.1,SPI02g01626.1,SPI02g01632.1,SPI01g05396.1,SPI02g04227.1,SPI02g01385.1,SPI02g01435.1,SPI02g01413.1,SPI01g05416.1,SPI01g05417.1,SPI02g01534.1,SPI02g01427.1,SPI02g01631.1,SPI02g02363.1,SPI01g05403.1,SPI02g02350.1,SPI01g05420.1,SPI01g05411.1,SPI05g02642.1,SPI02g01428.1,SPI02g01651.1,SPI02g01628.1,SPI02g02361.1,SPI02g01419.1,SPI02g02347.1,SPI02g01398.1,SPI01g05408.1,SPI02g02356.1,SPI02g01433.1,SPI02g01409.1,SPI02g01637.1,SPI02g02352.1,SPI02g01420.1,SPI02g02353.1,SPI02g02351.1,SPI01g05412.1,SPI02g01421.1,SPI02g02358.1,SPI02g01423.1,SPI02g01426.1,SPI02g01431.1,SPI02g01434.1,SPI02g01424.1,SPI02g01630.1,SPI01g05425.1,SPI02g01627.1	Solyc02g066880.2.1,Solyc02g088910.3.1,Solyc02g032695.1.1,Solyc02g030640.2.1,Solyc02g032670.1.1,Solyc02g032730.1.1,Solyc02g066890.2.1,Solyc02g030600.2.1,Solyc02g030620.1.1,Solyc02g030633.1.1,Solyc02g030625.1.1,Solyc02g032690.1.1,Solyc02g030610.3.1,Solyc02g066905.1.1,Solyc06g083290.1.1,Solyc02g030637.1.1,Solyc01g059780.1.1,Solyc02g066900.3.1,Solyc01g058740.2.1,Solyc02g032720.3.1,Solyc02g066857.1.1,Solyc02g030630.2.1,Solyc02g066855.1.1,Solyc02g066850.1.1,Solyc02g150115.1.1,Solyc02g032140.3.1,Solyc02g030650.1.1,Solyc02g066840.2.1,Solyc01g059740.1.1,Solyc02g032680.2.1,Solyc02g030565.1.1	SLYcer02g02740.1,SLYcer02g02502.1,SLYcer02g02529.1,SLYcer02g02523.1,SLYcer02g05303.1,SLYcer02g02532.1,SLYcer01g05260.1,SLYcer02g02526.1,SLYcer02g03472.1,SLYcer01g05267.1,SLYcer02g02642.1,SLYcer02g03467.1,SLYcer02g02745.1,SLYcer02g02520.1,SLYcer02g02754.1,SLYcer01g05253.1,SLYcer02g02735.1,SLYcer02g02763.1,SLYcer02g03461.1,SLYcer02g02528.1,SLYcer05g02071.1,SLYcer02g02522.1,SLYcer02g02527.1,SLYcer02g02521.1,SLYcer02g02533.1,SLYcer02g02530.1,SLYcer01g05258.1,SLYcer02g02738.1,SLYcer02g02519.1,SLYcer02g03473.1,SLYcer01g05262.1,SLYcer02g02511.1,SLYcer02g02739.1,SLYcer02g03462.1,SLYcer02g02734.1,SLYcer02g03468.1,SLYcer02g03455.1,SLYcer02g02757.1,SLYcer02g02514.1,SLYcer02g03458.1,SLYcer02g03460.1,SLYcer02g03469.1,SLYcer02g02743.1,SLYcer01g05250.1,SLYcer02g02751.1,SLYcer02g02628.1,SLYcer02g02525.1,SLYcer02g03464.1,SLYcer02g03456.1,SLYcer02g02733.1,SLYcer02g02741.1,SLYcer01g05257.1,SLYcer02g03459.1,SLYcer02g02534.1,SLYcer02g03466.1,SLYcer02g02767.1,SLYcer05g02407.1,SLYcer02g02636.1,SLYcer02g03463.1,SLYcer02g02750.1,SLYcer05g00932.1,SLYcer02g02746.1	Capang03g001062,Capang02g000754,Capang02g003023,Capang05g000800
OG27634	785	7	Capana09g001348,Capana11g000303,Capana11g001083,Capana09g001753,Capana06g000839,Capana07g000371,Capana01g002074,Capana00g003935,Capana02g001595,Capana06g002473,Capana11g000302,Capana04g002008,Capana02g003380,Capana09g002424,Capana04g002608,Capana00g004148,Capana02g001057,Capana06g002380,Capana00g000195,Capana08g001165,Capana06g000764,Capana12g000800,Capana09g000914,Capana04g001407,Capana01g001697,Capana02g003433,Capana09g000832,Capana05g000408,Capana00g002920,Capana12g001750,Capana04g002032,Capana00g003600,Capana07g002135,Capana03g003186,Capana06g000916,Capana04g002036,Capana08g001166,Capana12g000323,Capana04g001198,Capana12g002281,Capana11g002390,Capana03g002854,Capana03g000902,Capana07g002357,Capana06g000857,Capana02g001593,Capana04g002006,Capana02g001600,Capana03g001458,Capana01g003904,Capana04g002609,Capana00g003079,Capana05g002458,Capana02g000694,Capana11g000312,Capana11g000224,Capana07g002218,Capana12g000367,Capana11g000785,Capana05g002266,Capana06g001338,Capana03g002032,Capana08g000765,Capana05g002456,Capana12g000858,Capana12g002283,Capana04g001404,Capana12g002300,Capana12g000032,Capana12g002282,Capana03g000127,Capana03g002092,Capana02g002352,Capana01g000154,Capana06g000139,Capana01g000966,Capana03g001034,Capana02g002282,Capana10g000944,Capana06g002767,Capana00g003546,Capana02g001602,Capana01g002483,Capana07g002406,Capana11g000311,Capana08g000419,Capana12g000038,Capana12g000726,Capana05g002268,Capana12g000798,Capana09g002235,Capana06g000355,Capana03g002685,Capana09g001350,Capana12g002046,Capana10g000926,Capana02g003432,Capana11g001166,Capana09g000830,Capana01g003068,Capana12g000039,Capana06g000856,Capana01g001066,Capana04g002807,Capana07g000370,Capana05g002267,Capana00g001964,Capana12g002302,Capana04g002607,Capana03g002125,Capana01g003075,Capana08g001167,Capana01g004235,Capana00g002921,Capana10g000878,Capana03g004014,Capana03g000541,Capana03g003620,Capana01g002893,Capana12g001420,Capana03g004013,Capana01g003898,Capana01g002484,Capana05g002459,Capana05g002457,Capana08g000766,Capana03g002400,Capana03g000253,Capana12g000040,Capana02g002353,Capana12g000324	PGSC0003DMP400013021,PGSC0003DMP400042445,PGSC0003DMP400037962,PGSC0003DMP400033861,PGSC0003DMP400039733,PGSC0003DMP400017296,PGSC0003DMP400004038,PGSC0003DMP400026905,PGSC0003DMP400001666,PGSC0003DMP400036989,PGSC0003DMP400005531,PGSC0003DMP400026780,PGSC0003DMP400012998,PGSC0003DMP400016014,PGSC0003DMP400062414,PGSC0003DMP400030495,PGSC0003DMP400006917,PGSC0003DMP400011133,PGSC0003DMP400033295,PGSC0003DMP400033860,PGSC0003DMP400056135,PGSC0003DMP400056134,PGSC0003DMP400052248,PGSC0003DMP400054453,PGSC0003DMP400021239,PGSC0003DMP400032198,PGSC0003DMP400013129,PGSC0003DMP400053076,PGSC0003DMP400012958,PGSC0003DMP400013095,PGSC0003DMP400001505,PGSC0003DMP400004675,PGSC0003DMP400035518,PGSC0003DMP400038391,PGSC0003DMP400045340,PGSC0003DMP400032196,PGSC0003DMP400016015,PGSC0003DMP400051612,PGSC0003DMP400015070,PGSC0003DMP400032197,PGSC0003DMP400013235,PGSC0003DMP400047990,PGSC0003DMP400020609,PGSC0003DMP400021989,PGSC0003DMP400011653,PGSC0003DMP400021502,PGSC0003DMP400026779,PGSC0003DMP400053075,PGSC0003DMP400021233,PGSC0003DMP400050766,PGSC0003DMP400011652,PGSC0003DMP400052246,PGSC0003DMP400012920,PGSC0003DMP400023214,PGSC0003DMP400046927,PGSC0003DMP400030462,PGSC0003DMP400020140,PGSC0003DMP400033294,PGSC0003DMP400002560,PGSC0003DMP400036286,PGSC0003DMP400032760,PGSC0003DMP400004040,PGSC0003DMP400011134,PGSC0003DMP400020610,PGSC0003DMP400013237,PGSC0003DMP400002561,PGSC0003DMP400001665,PGSC0003DMP400042299,PGSC0003DMP400041247,PGSC0003DMP400046817,PGSC0003DMP400004676,PGSC0003DMP400009670,PGSC0003DMP400002531,PGSC0003DMP400013236,PGSC0003DMP400013019,PGSC0003DMP400008122,PGSC0003DMP400015068,PGSC0003DMP400007794,PGSC0003DMP400007796,PGSC0003DMP400033463,PGSC0003DMP400046818,PGSC0003DMP400003531,PGSC0003DMP400005914,PGSC0003DMP400023753,PGSC0003DMP400050764,PGSC0003DMP400052247,PGSC0003DMP400030466,PGSC0003DMP400056133,PGSC0003DMP400013020,PGSC0003DMP400029466,PGSC0003DMP400033296,PGSC0003DMP400021501,PGSC0003DMP400005916,PGSC0003DMP400024880,PGSC0003DMP400002562,PGSC0003DMP400023219,PGSC0003DMP400031791,PGSC0003DMP400021500,PGSC0003DMP400040660,PGSC0003DMP400012921,PGSC0003DMP400036990,PGSC0003DMP400019053,PGSC0003DMP400032813,PGSC0003DMP400015066,PGSC0003DMP400008291,PGSC0003DMP400026904,PGSC0003DMP400013234,PGSC0003DMP400016013,PGSC0003DMP400054454,PGSC0003DMP400050342,PGSC0003DMP400046125,PGSC0003DMP400060265,PGSC0003DMP400015593,PGSC0003DMP400011135,PGSC0003DMP400022198,PGSC0003DMP400013130,PGSC0003DMP400040659,PGSC0003DMP400003530,PGSC0003DMP400051611,PGSC0003DMP400030606,PGSC0003DMP400042448,PGSC0003DMP400033525,PGSC0003DMP400015591,PGSC0003DMP400040443,PGSC0003DMP400047828,PGSC0003DMP400024879,PGSC0003DMP400015067,PGSC0003DMP400001504,PGSC0003DMP400015592,PGSC0003DMP400020141,PGSC0003DMP400004674,PGSC0003DMP400030607,PGSC0003DMP400050378,PGSC0003DMP400033862,PGSC0003DMP400051609	Sopen01g030860.1,Sopen08g030180.1,Sopen11g026710.1,Sopen07g032260.2,Sopen02g017280.1,Sopen06g012460.1,Sopen08g021570.1,Sopen06g024190.1,Sopen09g034570.1,Sopen06g029310.1,Sopen05g009510.1,Sopen07g007050.1,Sopen05g033770.1,Sopen11g025460.1,Sopen12g023550.1,Sopen06g004030.1,Sopen12g022860.1,Sopen03g003620.1,Sopen04g026900.1,Sopen05g008830.1,Sopen01g044530.1,Sopen10g009550.1,Sopen06g028380.1,Sopen05g032110.1,Sopen08g002840.1,Sopen12g027430.1,Sopen02g020400.1,Sopen12g009950.1,Sopen06g033330.1,Sopen11g026980.1,Sopen06g028390.1,Sopen09g029840.1,Sopen10g009540.1,Sopen12g034820.1,Sopen06g004020.1,Sopen07g033520.1,Sopen03g005200.3,Sopen04g025570.2,Sopen12g023180.1,Sopen00g008460.1,Sopen03g039810.1,Sopen04g005490.1,Sopen11g003170.1,Sopen11g009680.1,Sopen07g032260.1,Sopen12g016590.1,Sopen09g025580.1,Sopen11g025140.3,Sopen01g040450.1,Sopen12g006980.1,Sopen05g014090.1,Sopen05g015600.1,Sopen03g034030.1,Sopen01g040430.1,Sopen11g003180.1,Sopen05g004180.1,Sopen04g026900.2,Sopen07g030860.1,Sopen11g003190.1,Sopen09g034580.1,Sopen03g001870.1,Sopen00g010410.1,Sopen01g032440.1,Sopen02g032590.1,Sopen12g033590.1,Sopen01g040440.1,Sopen05g032100.1,Sopen04g025570.1,Sopen09g004660.1,Sopen09g017780.1,Sopen12g033620.1,Sopen11g025470.1,Sopen05g032130.1,Sopen03g024530.1,Sopen07g031560.1,Sopen07g027260.1,Sopen04g002010.1,Sopen08g024060.1,Sopen06g014710.1,Sopen00g003360.1,Sopen12g023190.1,Sopen02g026490.1,Sopen03g040850.1,Sopen02g032160.1,Sopen08g025270.1,Sopen03g005200.4,Sopen08g001610.1,Sopen11g025140.2,Sopen09g003060.1,Sopen01g002710.1,Sopen12g033030.1,Sopen11g027010.1,Sopen03g036450.2,Sopen08g021560.1,Sopen11g025140.1,Sopen05g032120.1,Sopen12g034810.1,Sopen06g028390.2,Sopen03g029870.1,Sopen01g002710.2,Sopen12g016260.2,Sopen03g032740.1,Sopen11g025110.1,Sopen03g003490.1	SPI12g03165.1,SPI03g04745.1,SPI01g07394.1,SPI08g00288.1,SPI03g05357.1,SPI12g00822.1,SPI03g05005.1,SPI11g03678.1,SPI12g05037.1,SPI02g00008.1,SPI09g00754.1,SPI07g06020.1,SPI06g03090.1,SPI06g02723.1,SPI10g01222.1,SPI06g00424.1,SPI05g01098.1,SPI09g03453.1,SPI03g04593.1,SPI12g03453.1,SPI11g03628.1,SPI08g05074.1,SPI05g04677.1,SPI03g00300.1,SPI05g04874.1,SPI11g00484.1,SPI06g00423.1,SPI07g01121.1,SPI08g05646.1,SPI11g01374.1,SPI11g03857.1,SPI11g03629.1,SPI09g04780.1,SPI06g02724.1,SPI04g00259.1,SPI01g07825.1,SPI12g04221.1,SPI03g00568.1,SPI03g05465.1,SPI06g04620.1,SPI09g00337.1,SPI07g06290.1,SPI02g04125.1,SPI02g00058.1,SPI04g04718.1,SPI06g04713.1,SPI02g03466.1,SPI05g04679.1,SPI05g01099.1,SPI02g02830.1,SPI01g07396.1,SPI03g00196.1,SPI11g03858.1,SPI08g06314.1,SPI07g05570.1,SPI11g03829.1,SPI12g04179.1,SPI04g03880.1,SPI05g04678.1,SPI03g00581.1,SPI04g04237.1,SPI07g06161.1,SPI03g03627.1,SPI12g01303.1,SPI02g02500.1,SPI12g05170.1,SPI12g04955.1,SPI12g04178.1,SPI01g06503.1,SPI06g05138.1,SPI12g03164.1,SPI09g01791.1,SPI03g04300.1,SPI06g00887.1,SPI07g06097.1,SPI07g06333.1,SPI01g04416.1,SPI12g05040.1,SPI01g00374.1,SPI12g02351.1,SPI02g04084.1,SPI09g04776.1,SPI12g03163.1,SPI08g00132.1,SPI09g04148.1,SPI09g04779.1,SPI05g01178.1,SPI01g05266.1,SPI06g04127.1,SPI08g05075.1,SPI01g08166.1,SPI05g00510.1,SPI08g05777.1,SPI09g02349.1,SPI10g01223.1,SPI05g02381.1,SPI11g03679.1,SPI11g01278.1,SPI06g02760.1,SPI08g05073.1,SPI04g00648.1	Solyc03g117540.4.1,Solyc06g009290.4.1,Solyc06g072090.3.1,Solyc08g081890.4.1,Solyc09g075020.3.1,Solyc07g063400.3.1,Solyc08g067610.3.1,Solyc12g049120.2.1,Solyc05g008350.3.1,Solyc02g087410.4.1,Solyc07g062630.1.1,Solyc03g007690.1.1,Solyc05g053600.3.1,Solyc09g064440.4.1,Solyc08g006880.3.1,Solyc05g014390.4.1,Solyc09g042280.1.1,Solyc12g098210.3.1,Solyc02g055530.4.1,Solyc09g008240.3.1,Solyc12g049130.1.1,Solyc05g013890.3.1,Solyc03g114950.2.1,Solyc01g101070.3.1,Solyc08g075430.3.1,Solyc05g055330.3.1,Solyc11g007280.3.1,Solyc12g013640.2.1,Solyc12g044820.3.1,Solyc11g007300.2.1,Solyc05g018510.3.1,Solyc12g013630.1.1,Solyc12g038220.3.1,Solyc10g019270.3.1,Solyc06g076930.2.1,Solyc08g067620.2.1,Solyc12g098870.3.1,Solyc01g006720.4.1,Solyc02g071350.3.1,Solyc06g009280.1.1,Solyc12g100180.2.1,Solyc08g005580.3.1,Solyc10g024420.3.1,Solyc03g026310.4.1,Solyc12g098840.3.1,Solyc03g007530.3.1,Solyc09g091660.3.1,Solyc06g072100.3.1,Solyc06g065670.4.1,Solyc11g067300.2.1,Solyc04g010310.4.1,Solyc05g053570.4.1,Solyc01g096730.2.1,Solyc11g065720.2.1,Solyc07g064120.2.1,Solyc03g122050.1.1,Solyc04g070970.4.1,Solyc07g065320.4.1,Solyc02g068180.3.1,Solyc04g076170.1.1,Solyc06g036240.2.1,Solyc11g067000.3.1,Solyc01g096740.4.1,Solyc03g093650.3.1,Solyc12g036150.1.1,Solyc04g006960.3.1,Solyc05g053610.2.1,Solyc12g019620.2.1,Solyc12g036160.3.1,Solyc12g070270.2.1,Solyc07g065770.3.1,Solyc09g009910.4.1,Solyc03g019760.4.1,Solyc09g150122.1.1,Solyc11g065350.2.1,Solyc07g065780.2.1,Solyc12g044810.3.1,Solyc02g044050.1.1,Solyc03g113690.1.1,Solyc02g081870.4.1,Solyc06g048540.3.1,Solyc06g036490.3.1,Solyc01g080640.3.1,Solyc02g055540.1.1,Solyc09g055350.3.1,Solyc09g042300.2.1,Solyc07g018130.2.1,Solyc06g072960.1.1,Solyc03g122070.3.1,Solyc04g056650.4.1,Solyc06g011660.3.1,Solyc09g091670.3.1,Solyc03g120980.3.1,Solyc11g065360.2.1,Solyc12g100190.2.1,Solyc01g096720.4.1,Solyc11g018680.1.1,Solyc02g087870.3.1,Solyc11g065710.3.1,Solyc01g058360.1.1,Solyc12g044580.3.1,Solyc06g036480.2.1,Solyc02g071340.2.1,Solyc11g067310.3.1,Solyc11g018690.2.1,Solyc07g053300.1.1,Solyc08g076720.4.1,Solyc12g019640.2.1,Solyc03g005860.4.1,Solyc11g007290.1.1,Solyc05g053590.4.1	SLYcer09g03560.1,SLYcer01g07878.1,SLYcer07g05296.1,SLYcer11g00334.1,SLYcer12g04240.1,SLYcer02g00011.1,SLYcer12g00777.1,SLYcer08g05187.1,SLYcer12g03465.1,SLYcer06g01071.1,SLYcer12g04185.1,SLYcer03g03551.1,SLYcer06g02959.1,SLYcer09g05103.1,SLYcer09g02432.1,SLYcer11g03616.1,SLYcer12g05219.1,SLYcer02g00052.1,SLYcer03g04241.1,SLYcer12g05085.1,SLYcer11g01147.1,SLYcer07g05574.1,SLYcer12g04280.1,SLYcer03g00371.1,SLYcer01g07443.1,SLYcer08g00352.1,SLYcer03g00348.1,SLYcer12g04241.1,SLYcer04g00675.1,SLYcer11g03764.1,SLYcer01g07815.1,SLYcer03g04689.1,SLYcer12g05088.1,SLYcer02g03934.1,SLYcer05g01823.1,SLYcer04g04242.1,SLYcer12g01266.1,SLYcer11g03793.1,SLYcer08g05761.1,SLYcer12g04281.1,SLYcer08g06401.1,SLYcer06g04757.1,SLYcer12g03178.1,SLYcer03g05429.1,SLYcer10g02284.1,SLYcer09g05104.1,SLYcer08g05890.1,SLYcer06g04266.1,SLYcer06g03186.1,SLYcer12g03176.1,SLYcer06g02922.1,SLYcer12g04184.1,SLYcer10g02283.1,SLYcer10g01364.1,SLYcer11g03558.1,SLYcer07g04847.1,SLYcer08g00206.1,SLYcer11g03617.1,SLYcer03g05317.1,SLYcer11g03557.1,SLYcer07g01101.1,SLYcer09g00823.1,SLYcer09g04339.1,SLYcer03g04948.1,SLYcer01g00348.1,SLYcer04g04749.1,SLYcer07g05378.1,SLYcer09g01904.1,SLYcer02g04572.1,SLYcer07g05449.1,SLYcer11g03794.1,SLYcer11g01241.1,SLYcer05g00479.1,SLYcer04g00283.1,SLYcer11g00333.1,SLYcer05g01105.1,SLYcer02g05195.1,SLYcer12g02578.1,SLYcer02g03603.1,SLYcer06g00642.1,SLYcer05g01036.1,SLYcer10g01363.1,SLYcer10g02107.1,SLYcer01g07877.1,SLYcer03g04543.1,SLYcer09g00424.1,SLYcer06g05248.1,SLYcer08g05186.1,SLYcer03g00157.1,SLYcer12g03177.1,SLYcer10g02282.1,SLYcer01g06203.1,SLYcer10g01402.1,SLYcer06g04854.1,SLYcer12g04997.1,SLYcer08g05188.1,SLYcer01g05123.1	Capang04g001131,Capang09g001747,Capang11g000282,Capang02g001415,Capang03g000496,Capang00g005297,Capang01g002270,Capang02g003117,Capang01g004239,Capang06g002298,Capang01g002143,Capang00g005434,Capang12g000042,Capang00g004237,Capang09g000936,Capang00g000774,Capang00g005458,Capang09g000934,Capang12g000899,Capang02g003161,Capang06g000717,Capang08g001100,Capang03g002841,Capang11g000772,Capang01g003370,Capang00g000954,Capang10g000690,Capang03g001976,Capang04g001841,Capang01g000146,Capang07g002404,Capang03g003528,Capang02g001416,Capang11g000283,Capang02g001417,Capang02g000120,Capang07g002239,Capang02g001425,Capang11g000231,Capang05g001817,Capang04g001820,Capang01g000916,Capang03g003082,Capang03g002322,Capang12g001981,Capang11g000275,Capang04g001818,Capang01g003739,Capang06g002201,Capang02g000609,Capang07g002351,Capang03g000120,Capang03g000829,Capang05g001816,Capang10g000738,Capang03g002007,Capang00g005471,Capang04g002405,Capang06g000321,Capang00g000757,Capang00g002422,Capang01g002753,Capang00g002217,Capang12g000034,Capang01g004238,Capang03g003678,Capang06g002290,Capang11g000773,Capang04g001340,Capang02g001422,Capang01g003740,Capang01g002750,Capang00g001723,Capang00g000672,Capang00g001729,Capang05g000328,Capang05g002004,Capang11g001169,Capang06g001221,Capang04g002279,Capang03g000992,Capang11g002266,Capang06g002551,Capang06g000805,Capang12g000607,Capang03g000241,Capang03g001386,Capang08g000818,Capang09g000756,Capang00g000186,Capang12g000266,Capang05g001818,Capang12g001979,Capang03g002471,Capang00g005033,Capang08g000822,Capang00g004884,Capang01g001405,Capang12g001220,Capang12g000180,Capang09g001924,Capang07g002153,Capang06g000859,Capang05g002003,Capang03g002587,Capang02g000977
SG2231	1	1					Solyc05g014500.3.1		
SG6978	1	1					Solyc10g050710.1.1		
SG9475	1	1					Solyc12g038527.1.1		
SG22954	1	1					Solyc06g070910.3.1		
SG33870	1	1					Solyc12g011037.1.1		
